"Q_No","Question_EN","Question_HI","Opt1_EN","Opt1_HI","Opt2_EN","Opt2_HI","Opt3_EN","Opt3_HI","Opt4_EN","Opt4_HI","Opt5_EN","Opt5_HI","Correct_Option","Sol_EN","Sol_HI"
"E-1","[Passage: Once upon a time, there lived a small young and sweet girl. She was not clean at all. One fine night, in her home, she decided to eat a banana because she was very hungry. While she was eating banana, she completed it in three minutes and threw the banana peel down on the floor and went to sleep. Next morning she completely forgot about the peel and slipped as soon as her feet walked over it. She realized how important it is to keep house neat and clean.] After eating banana the girl went to","[गद्यांश: एक समय की बात है, एक छोटी और प्यारी बच्ची रहती थी। वह बिल्कुल भी साफ-सफाई नहीं रखती थी। एक रात, उसने केला खाने का फैसला किया क्योंकि उसे बहुत भूख लगी थी। उसने इसे 3 मिनट में खा लिया और छिलके को फर्श पर फेंक कर सो गई। अगली सुबह वह छिलके के बारे में भूल गई और पैर पड़ते ही फिसल गई। तब उसे एहसास हुआ कि घर को साफ रखना कितना महत्वपूर्ण है।] केला खाने के बाद लड़की कहाँ गई?","sleep","सोने","play","खेलने","study","पढ़ने","More than one of the above","उपर्युक्त में से एक से अधिक","None of the above","उपर्युक्त में से कोई नहीं","1","According to the passage, after throwing the peel on the floor, she went to sleep.","गद्यांश के अनुसार, केले का छिलका फर्श पर फेंकने के बाद वह सोने चली गई।"
"E-2","[Passage: ...same as above...] What lesson did the girl learn in the last?","[गद्यांश: ...ऊपर दिए गए अनुसार...] अंत में लड़की ने क्या सबक सीखा?","Garbage is to be put in dustbin","कचरा कूड़ेदान में डालना चाहिए","Cleanliness is not required","साफ-सफाई की आवश्यकता नहीं है","Banana is not good for health","केला स्वास्थ्य के लिए अच्छा नहीं है","More than one of the above","उपर्युक्त में से एक से अधिक","None of the above","उपर्युक्त में से कोई नहीं","5","The passage specifically states she realized 'how important it is to keep house neat and clean', which isn't exactly matching the dustbin option. Hence, None of the above is the most technically accurate BPSC answer.","गद्यांश में स्पष्ट लिखा है कि उसने 'घर को साफ-सुथरा रखने का महत्व' सीखा, जो दिए गए विकल्पों में सीधे तौर पर नहीं है। इसलिए विकल्प E सही है।"
"E-3","[Passage: ...same as above...] The girl is","[गद्यांश: ...ऊपर दिए गए अनुसार...] लड़की है:","teenage","किशोर","adult","वयस्क","adolescent","युवा/किशोर","More than one of the above","उपर्युक्त में से एक से अधिक","None of the above","उपर्युक्त में से कोई नहीं","5","The passage describes her as a 'small young girl' (a child), not a teenager, adult, or adolescent.","गद्यांश में उसे एक 'छोटी बच्ची' बताया गया है, न कि किशोर, वयस्क या युवा। अतः कोई भी विकल्प सही नहीं है।"
"E-4","[Passage: ...same as above...] She ate the banana during","[गद्यांश: ...ऊपर दिए गए अनुसार...] उसने केला किस समय खाया?","evening","शाम","day","दिन","night","रात","More than one of the above","उपर्युक्त में से एक से अधिक","None of the above","उपर्युक्त में से कोई नहीं","3","The passage explicitly states 'One fine night... she decided to eat a banana'.","गद्यांश में स्पष्ट रूप से कहा गया है, 'एक रात... उसने केला खाने का फैसला किया'।"
"E-5","[Passage: ...same as above...] The girl was scolded by","[गद्यांश: ...ऊपर दिए गए अनुसार...] लड़की को किसने डांटा?","sister","बहन","father","पिता","mother","माँ","More than one of the above","उपर्युक्त में से एक से अधिक","None of the above","उपर्युक्त में से कोई नहीं","5","There is no mention of anyone scolding the girl in the given story.","दी गई कहानी में किसी के द्वारा लड़की को डांटे जाने का कोई उल्लेख नहीं है।"
"E-6","Fill in the blanks with suitable articles: I had ___ lovely time in Paris.","उपयुक्त Article भरें: I had ___ lovely time in Paris.","the","the","a","a","an","an","More than one of the above","उपर्युक्त में से एक से अधिक","None of the above","उपर्युक्त में से कोई नहीं","2","'a lovely time' is the correct idiomatic expression. 'Lovely' starts with a consonant sound, so 'a' is used.","'lovely' एक व्यंजन (consonant) ध्वनि से शुरू होता है, इसलिए इसके पहले article 'a' का प्रयोग होगा।"
"E-7","Fill in the blanks with suitable articles: If you go there in ___ hour you will be able to catch the train.","उपयुक्त Article भरें: If you go there in ___ hour you will be able to catch the train.","the","the","a","a","an","an","More than one of the above","उपर्युक्त में से एक से अधिक","None of the above","उपर्युक्त में से कोई नहीं","3","The word 'hour' starts with a vowel sound (the 'h' is silent), so the article 'an' is used.","'hour' का उच्चारण स्वर (vowel) ध्वनि 'आवर' से शुरू होता है (h silent है), इसलिए 'an' लगेगा।"
"E-8","If 22nd June is Monday, what will be 29th June?","यदि 22 जून को सोमवार है, तो 29 जून को क्या होगा?","Tuesday","मंगलवार","Sunday","रविवार","Monday","सोमवार","More than one of the above","उपर्युक्त में से एक से अधिक","None of the above","उपर्युक्त में से कोई नहीं","3","The difference between the dates is exactly 7 days (29 - 22 = 7). Adding 7 days to any given day gives the same day again.","दोनों तारीखों के बीच 7 दिन का अंतर है (29 - 22 = 7)। किसी भी दिन में 7 दिन जोड़ने पर वही दिन वापस आता है, इसलिए सोमवार ही होगा।"
"H-9","Whose work is Babu Gulabrai's?","बाबू गुलाबराय की रचना है:","Hindi Sahitya Ka Itihas","हिन्दी साहित्य का इतिहास","Hindi Sahitya Ka Subodh Itihas","हिन्दी साहित्य का सुबोध इतिहास","Hindi Sahitya Ka Vaigyanik Itihas","हिन्दी साहित्य का वैज्ञानिक इतिहास","More than one of the above","उपर्युक्त में से एक से अधिक","None of the above","उपर्युक्त में से कोई नहीं","2","'Hindi Sahitya Ka Subodh Itihas' was written by Babu Gulabrai. Option A is by Ramchandra Shukla and Option C is by Ganpatichandra Gupta.","'हिन्दी साहित्य का सुबोध इतिहास' बाबू गुलाबराय की रचना है। (विकल्प A रामचंद्र शुक्ल और C गणपतिचंद्र गुप्त की रचना है)।"
"H-10","The most developed method of writing the history of literature is:","साहित्य के इतिहास लेखन की सबसे विकसित पद्धति है:","Chronological method","कालानुक्रमी पद्धति","Alphabetical method","वर्णानुक्रम पद्धति","Positivist method (Vidheyavadi)","विधेयवादी पद्धति","More than one of the above","उपर्युक्त में से एक से अधिक","None of the above","उपर्युक्त में से कोई नहीं","3","The Positivist (Vidheyavadi) method is considered the most developed and scientific. Acharya Ramchandra Shukla used this method.","विधेयवादी पद्धति को इतिहास लेखन की सबसे विकसित और वैज्ञानिक पद्धति माना जाता है। आचार्य रामचंद्र शुक्ल ने इसी का प्रयोग किया था।"
"H-11","A very famous meter (Chhand) of Apabhramsha and early Hindi is:","अपभ्रंश और आदिकालीन हिन्दी का बहुत ही प्रसिद्ध छंद है:","Doha","दोहा","Vanshastha","वंशस्थ","Indravajra","इंद्रवज्रा","More than one of the above","उपर्युक्त में से एक से अधिक","None of the above","उपर्युक्त में से कोई नहीं","1","'Doha' (Duha) is the most prominent and beloved meter of Apabhramsha and early Hindi literature.","'दोहा' (दूहा) अपभ्रंश और आदिकालीन साहित्य का सबसे प्रिय और प्रसिद्ध छंद रहा है।"
"H-12","'Prose is the language of the struggle of life.' Which author's statement is this?","'गद्य जीवन संग्राम की भाषा है।' उक्त कथन किस रचनाकार का है?","Jaishankar Prasad","जयशंकर प्रसाद","Mahavir Prasad Dwivedi","महावीर प्रसाद द्विवेदी","Suryakant Tripathi 'Nirala'","सूर्यकांत त्रिपाठी 'निराला'","More than one of the above","उपर्युक्त में से एक से अधिक","None of the above","उपर्युक्त में से कोई नहीं","3","This famous statement about prose was given by Suryakant Tripathi 'Nirala'.","गद्य के विषय में यह प्रसिद्ध कथन सूर्यकांत त्रिपाठी 'निराला' जी का है।"
"H-13","The author of 'Mahapuran', which is based on the stories of great figures of Jain tradition, is:","जैन परम्परा के महापुरुपों की कथा लेकर 'महापुराण' के रचनाकार है:","Swayambhu","स्वयंभू","Dhanpal","धनपाल","Pushpadant","पुष्पदंत","More than one of the above","उपर्युक्त में से एक से अधिक","None of the above","उपर्युक्त में से कोई नहीं","3","'Mahapuran' was composed by Pushpadant in the 10th century.","'महापुराण' की रचना 10वीं शताब्दी में पुष्पदंत ने की थी।"
"H-14","'Bha avatar mor nau sadi. Tees baras upar kavi badi.' The poet of the above line is:","'भा अवतार मोर नौ सदी। तीस बरस ऊपर कवि बदी ॥' उपर्युक्त पंक्ति के कवि हैं:","Jayasi","जायसी","Kabirdas","कबीरदास","Alam","आलम","More than one of the above","उपर्युक्त में से एक से अधिक","None of the above","उपर्युक्त में से कोई नहीं","1","These lines are written by Malik Muhammad Jayasi in his epic 'Padmavat'.","ये पंक्तियाँ मलिक मुहम्मद जायसी द्वारा रचित 'पद्मावत' की हैं।"
"H-15","How did this emergence of devotion (Bhakti) in North India happen 'suddenly like a flash of lightning'? - Whose underlined statement is this?","उत्तर भारत में भक्ति का यह उन्मेष 'बिजली की चमक के समान अचानक कैसे हुआ?' - रेखांकित पंक्ति किस विद्वान् की है?","Ramchandra Shukla","रामचंद्र शुक्ल","Hazari Prasad Dwivedi","हजारी प्रसाद द्विवेदी","George Abraham Grierson","जॉर्ज अब्राहम ग्रियर्सन","More than one of the above","उपर्युक्त में से एक से अधिक","None of the above","उपर्युक्त में से कोई नहीं","3","George Grierson described the sudden rise of the Bhakti movement as a 'flash of lightning'.","जॉर्ज ग्रियर्सन ने ही भक्ति काल के उदय को 'बिजली की चमक के समान अचानक' बताया था।"
"H-16","'When self-experienced expression based on pain started, it was named Chhayavad in Hindi.' Whose statement is this?","'जब वेदना के आधार पर स्वानुभूतिमयी अभिव्यक्ति होने लगी तब हिन्दी में उसे छायावाद नाम से अभिहित किया गया।' उक्त कथन किस लेखक का है?","Sumitranandan Pant","सुमित्रानंदन पंत","Jaishankar Prasad","जयशंकर प्रसाद","Nagendra","नगेन्द्र","More than one of the above","उपर्युक्त में से एक से अधिक","None of the above","उपर्युक्त में से कोई नहीं","2","This is a famous definition of Chhayavad given by Jaishankar Prasad.","यह छायावाद की बहुत ही प्रसिद्ध परिभाषा है जो जयशंकर प्रसाद ने दी है।"
"H-17","'The knowledge given by this pain and defeat, will only give determination.' Whose dialogue is this from 'Andha Yug'?","'यह जो पीड़ा ने पराजय ने दिया है ज्ञान, दृढ़ता ही देगा वह।' 'अंधा युग' का उपर्युक्त संवाद किसका है?","Dhritarashtra","धृतराष्ट्र","Kripacharya","कृपाचार्य","Vidur","विविदुर","More than one of the above","उपर्युक्त में से एक से अधिक","None of the above","उपर्युक्त में से कोई नहीं","1","This dialogue is spoken by Dhritarashtra in Dharamvir Bharati's play 'Andha Yug'.","यह संवाद धरमवीर भारती के नाटक 'अंधा युग' में धृतराष्ट्र का है।"
"H-18","What is the correct sequence of the cantos (Sargas) of 'Kamayani'?","'कामायनी' के सर्गों का सही अनुक्रम क्या है?","Shraddha, Lajja, Darshan, Ida, Nirved","श्रद्धा, लज्जा, दर्शन, इड़ा, निर्वेद","Shraddha, Lajja, Ida, Nirved, Darshan","श्रद्धा, लज्जा, इड़ा, निर्वेद, दर्शन","Lajja, Shraddha, Nirved, Ida, Darshan","लज्जा, श्रद्धा, निर्वेद, इड़ा, दर्शन","More than one of the above","उपर्युक्त में से एक से अधिक","None of the above","उपर्युक्त में से कोई नहीं","2","The correct sequence out of the 15 cantos is: Shraddha (3rd), Lajja (6th), Ida (9th), Nirved (12th), Darshan (13th).","कामायनी के 15 सर्गों में सही क्रम है: श्रद्धा (तीसरा), लज्जा (छठा), इड़ा (नौवां), निर्वेद (बारहवां), दर्शन (तेरहवां)। अतः विकल्प B सही है।"
"H-19","Which Western scholar relied on the concept of 'Intuition' (Sahajanubhuti) to build his poetic theory?","अपने काव्य-सिद्धांत की निर्मिति के लिए पाश्चात्य आचार्य ने 'सहजानुभूति' अवधारणा का सहारा लिया है?","Croce","क्रोचे","Eliot","इलियट","Matthew Arnold","मैथ्यू अर्नाल्ड","More than one of the above","उपर्युक्त में से एक से अधिक","None of the above","उपर्युक्त में से कोई नहीं","1","Benedetto Croce's theory of Expressionism is fundamentally based on 'Intuition'.","बेनेदेत्तो क्रोचे के अभिव्यंजनावाद का मूल आधार 'सहजानुभूति' (Intuition) ही है।"
"H-20","The correct sequence of Premchand's novels from the point of view of publication year is:","प्रकाशन काल की दृष्टि से प्रेमचंद के उपन्यासों का सही अनुक्रम है:","Gaban, Kayakalp, Godan, Karmabhoomi","गबन, कायाकल्प, गोदान, कर्मभूमि","Godan, Gaban, Karmabhoomi, Kayakalp","गोदान, गबन, कर्मभूमि, कायाकल्प","Kayakalp, Gaban, Karmabhoomi, Godan","कायाकल्प, गबन, कर्मभूमि, गोदान","More than one of the above","उपर्युक्त में से एक से अधिक","None of the above","उपर्युक्त में से कोई नहीं","3","Kayakalp (1926), Gaban (1931), Karmabhoomi (1932), Godan (1936).","सही क्रम: कायाकल्प (1926), गबन (1931), कर्मभूमि (1932), और गोदान (1936)।"
"H-21","'Sakhi, vasant aaya...' The above poetic lines belong to which creator?","'सखि, वसंत आया... भरा हर्ष वन के मन...' उपर्युक्त काव्य-पंक्तियाँ किस रचनाकार की हैं?","Jaishankar Prasad","जयशंकर प्रसाद","Sumitranandan Pant","सुमित्रानंदन पंत","Suryakant Tripathi 'Nirala'","सूर्यकांत त्रिपाठी 'निराला'","More than one of the above","उपर्युक्त में से एक से अधिक","None of the above","उपर्युक्त में से कोई नहीं","3","This is a famous poem by Suryakant Tripathi 'Nirala'.","यह सूर्यकांत त्रिपाठी 'निराला' जी की अत्यंत प्रसिद्ध कविता है।"
"H-22","According to almost all historians like Ramchandra Shukla, Ramshankar Shukla 'Rasal', and Hazari Prasad Dwivedi, who is the folk poet (Lok Kavi) of Hindi?","रामचंद्र शुक्ल, रामशंकर शुक्ल 'रसाल' तथा हजारी प्रसाद द्विवेदी आदि प्रायः सभी इतिहासकारों के अनुसार हिन्दी का लोककवि कौन है?","Ghagh","घाघ","Raslin","रसलीन","Biharilal","बिहारीलाल","More than one of the above","उपर्युक्त में से एक से अधिक","None of the above","उपर्युक्त में से कोई नहीं","1","'Ghagh' (and Bhaddari) are universally accepted by historians as the folk poets of Hindi agricultural life.","'घाघ' और 'भड्डरी' को हिन्दी के कृषक जीवन का लोककवि माना जाता है।"
"H-23","Who is the pioneer of the 'Sachetan Kahani' (Conscious Story) movement?","'सचेतन कहानी आंदोलन' के प्रणेता कौन है?","Mohan Rakesh","मोहन राकेश","Kamleshwar","कमलेश्वर","Mahip Singh","महीप सिंह","More than one of the above","उपर्युक्त में से एक से अधिक","None of the above","उपर्युक्त में से कोई नहीं","3","Dr. Mahip Singh is the initiator of the 'Sachetan Kahani' movement.","डॉ. महीप सिंह 'सचेतन कहानी आंदोलन' के प्रवर्तक माने जाते हैं।"
"H-24","Which is not a Lalit-Nibandh (light essay) work by Kubernath Ray?","कुबेरनाथ राय की कौन-सी ललित-निबंध कृति नहीं है?","Vani Ka Kshirsagar","वाणी का क्षीरसागर","Patra Maniputul Ke Naam","पत्र मणिपुतुल के नाम","Jagat Tapovan So Kiyo","जगत् तपोवन सो कियो","More than one of the above","उपर्युक्त में से एक से अधिक","None of the above","उपर्युक्त में से कोई नहीं","4","Both A and C are essays by Vidya Niwas Mishra, not Kubernath Ray. Only B is by Kubernath Ray. Hence 'More than one' is correct.","'वाणी का क्षीरसागर' और 'जगत् तपोवन सो कियो' दोनों विद्यानिवास मिश्र के निबंध हैं। अतः कुबेरनाथ राय की एक से अधिक कृतियाँ नहीं हैं (विकल्प D सही है)।"
"H-25","According to the birth year, which of the following is the correct sequence of poets?","जन्मकाल के अनुसार निम्नलिखित में से कौन-सा कवियों का सही अनुक्रम है?","Keshavdas, Matiram, Bihari, Ghananand","केशवदास, मतिराम, बिहारी, घनानंद","Keshavdas, Bihari, Matiram, Ghananand","केशवदास, बिहारी, मतिराम, घनानंद","Ghananand, Matiram, Keshavdas, Bihari","घनानंद, मतिराम, केशवदास, बिहारी","More than one of the above","उपर्युक्त में से एक से अधिक","None of the above","उपर्युक्त में से कोई नहीं","2","Keshavdas (1555), Bihari (1595), Matiram (1617), Ghananand (1689).","सही क्रम: केशवदास (1555 ई.), बिहारी (1595 ई.), मतिराम (1617 ई.), और घनानंद (1689 ई.)।"
"H-26","'The remarkable thing is that the tradition of modern prose literature started with drama.' Whose statement is this?","'विलक्षण बात यह है कि आधुनिक गद्य-साहित्य की परंपरा का प्रवर्तन नाटक से हुआ।' यह कथन किस इतिहासकार का है?","Ramchandra Shukla","रामचंद्र शुक्ल","Hazari Prasad Dwivedi","हजारी प्रसाद द्विवेदी","Ganpatichandra Gupta","गणपतिचंद्र गुप्त","More than one of the above","उपर्युक्त में से एक से अधिक","None of the above","उपर्युक्त में से कोई नहीं","1","This is a famous quote by Acharya Ramchandra Shukla from his 'Hindi Sahitya Ka Itihas'.","यह आचार्य रामचंद्र शुक्ल का बहुत ही प्रसिद्ध कथन है जो उन्होंने अपने इतिहास ग्रंथ में लिखा है।"
"H-27","Who among these is given the title of 'Dhwani Prasthapan Paramacharya'?","'ध्वनि प्रस्थापन परमाचार्य' की पदवी इनमें से किसको दी जाती है?","Anandavardhan","आनंदवर्धन","Mammat","मम्मट","Abhinavagupta","अभिनवगुष्ठ","More than one of the above","उपर्युक्त में से एक से अधिक","None of the above","उपर्युक्त में से कोई नहीं","2","Acharya Mammat is known as 'Dhwani Prasthapan Paramacharya' (the ultimate establisher of the Dhwani school).","आचार्य मम्मट को 'ध्वनि प्रस्थापन परमाचार्य' कहा जाता है।"
"H-28","The author of Rahul Sankrityayan's biography 'Samaya Samyavadi' is:","राहुल सांकृत्यायन की जीवनी 'समय साम्यवादी' के लेखक है:","Kamala Sankrityayan","कमला सांकृत्यायन","Vishnuchandra Sharma","विष्णुचंद्र शर्मा","Tejbahadur Chaudhary","तेजबहादुर चौधरी","More than one of the above","उपर्युक्त में से एक से अधिक","None of the above","उपर्युक्त में से कोई नहीं","2","'Samaya Samyavadi' is the biography of Rahul Sankrityayan, written by Vishnuchandra Sharma.","राहुल सांकृत्यायन की यह जीवनी विष्णुचंद्र शर्मा द्वारा लिखी गई है।"
"H-29","'Saje mohan-moh kaun...' Which heroine is described in the above verse?","'साजे मोहन-मोह कौं, मोहीं करत कुचैन...' उपर्युक्त पद में किस नायिका का वर्णन है?","Abhisarika","अभिसारिका","Purvanuragini","पूर्वानुरागिणी","Vipralabdha","विप्रलब्धा","More than one of the above","उपर्युक्त में से एक से अधिक","None of the above","उपर्युक्त में से कोई नहीं","2","The verse describes the state of falling in love before a union, which defines a 'Purvanuragini' Nayika.","इस पद में मिलन से पूर्व के अनुराग (प्रेम) का वर्णन है, जो 'पूर्वानुरागिणी' नायिका की विशेषता है।"
"H-30","Consider the statements: Assertion (A) and Reason (R):","स्थापना (अ) और तर्क (ब) पर विचार कीजिए:","(A) is true, (R) is false","(अ) सही है और (ब) गलत है","Both (A) and (R) are false","(अ) और (ब) दोनों गलत हैं","(A) is false, (R) is true","(अ) गलत है और (ब) सही है","More than one of the above","उपर्युक्त में से एक से अधिक","None of the above","उपर्युक्त में से कोई नहीं","1","Assertion (A) is true as imagination is highly valued in Western Romantic literature. Reason (R) is false because Western literature is not purely born of imagination.","स्थापना (अ) सही है क्योंकि पाश्चात्य साहित्य में कल्पना को बहुत महत्व मिला है। तर्क (ब) गलत है क्योंकि पाश्चात्य साहित्य केवल कल्पनाप्रसूत नहीं है।"
"31","The sum of the first five prime numbers is:","प्रथम पाँच अभाज्य संख्याओं का योग है:","18","18","28","28","26","26","More than one of the above","उपर्युक्त में से एक से अधिक","None of the above","उपर्युक्त में से कोई नहीं","2","The first five prime numbers are 2, 3, 5, 7, and 11. Sum = 2 + 3 + 5 + 7 + 11 = 28.","प्रथम पाँच अभाज्य संख्याएँ 2, 3, 5, 7 और 11 हैं। इनका योग = 2 + 3 + 5 + 7 + 11 = 28 होगा।"
"32","Three numbers are in the ratio 3:4:5 and their LCM is 2400. Their HCF is:","तीन संख्याएँ 3:4:5 के अनुपात में हैं और उनका LCM 2400 है। उनका HCF है:","40","40","80","80","120","120","More than one of the above","उपर्युक्त में से एक से अधिक","None of the above","उपर्युक्त में से कोई नहीं","1","Let numbers be 3x, 4x, 5x. Their LCM = 60x. Given 60x = 2400, so x = 40. The HCF is x, which is 40.","मान लें संख्याएँ 3x, 4x, 5x हैं। इनका LCM = 60x होगा। 60x = 2400, अतः x = 40। इनका HCF 'x' ही होगा, अर्थात् 40।"
"33","Dividing 4.036 by 0.04 yields:","4.036 को 0.04 से विभाजित करने पर प्राप्त होता है:","100.9","100.9","10.09","10.09","1.009","1.009","More than one of the above","उपर्युक्त में से एक से अधिक","None of the above","उपर्युक्त में से कोई नहीं","1","4.036 / 0.04 = 403.6 / 4 = 100.9.","4.036 / 0.04 = 403.6 / 4 = 100.9 होता है।"
"34","The cube root of 0.000216 is:","0.000216 का घनमूल है:","0.006","0.006","0.06","0.06","0.6","0.6","More than one of the above","उपर्युक्त में से एक से अधिक","None of the above","उपर्युक्त में से कोई नहीं","2","216 is the cube of 6. Since there are 6 decimal places, the cube root will have 2 decimal places. So, 0.06.","216, 6 का घन है। यहाँ 6 दशमलव स्थान हैं, अतः घनमूल में 2 दशमलव स्थान होंगे। इसलिए उत्तर 0.06 होगा।"
"35","The average of five numbers is 27. If one number is removed, the average becomes 25. The removed number is:","पाँच संख्याओं का औसत 27 है। यदि एक संख्या हटा दी जाए, तो औसत 25 हो जाता है। निकाली गई संख्या है:","27","27","30","30","35","35","More than one of the above","उपर्युक्त में से एक से अधिक","None of the above","उपर्युक्त में से कोई नहीं","3","Sum of 5 numbers = 5 × 27 = 135. Sum of remaining 4 numbers = 4 × 25 = 100. Removed number = 135 - 100 = 35.","5 संख्याओं का कुल योग = 5 × 27 = 135। 4 संख्याओं का योग = 4 × 25 = 100। निकाली गई संख्या = 135 - 100 = 35।"
"36","The median of 34, 47, 29, 41, 33, 69 is:","34, 47, 29, 41, 33, 69 का माध्यक है:","34","34","41","41","37.5","37.5","More than one of the above","उपर्युक्त में से एक से अधिक","None of the above","उपर्युक्त में से कोई नहीं","3","Ascending order: 29, 33, 34, 41, 47, 69. Number of terms (n) = 6. Median = average of 3rd and 4th terms = (34+41)/2 = 37.5.","आरोही क्रम: 29, 33, 34, 41, 47, 69। यहाँ पदों की संख्या 6 (सम) है। माध्यक = बीच के दो पदों का औसत = (34+41)/2 = 37.5।"
"37","The product of two co-prime numbers is 117. Their LCM should be:","दो सह-अभाज्य संख्याओं का गुणनफल 117 है। उनका LCM होना चाहिए:","1","1","117","117","Equal to their HCF","उनके HCF के बराबर","More than one of the above","उपर्युक्त में से एक से अधिक","None of the above","उपर्युक्त में से कोई नहीं","2","For co-prime numbers, HCF = 1. We know Product = HCF × LCM. So, 117 = 1 × LCM. Thus, LCM = 117.","सह-अभाज्य संख्याओं का HCF 1 होता है। संख्याओं का गुणनफल = HCF × LCM। इसलिए, 117 = 1 × LCM, अतः LCM 117 होगा।"
"38","If 1/3 + 1/2 + 1/x = 4, then find the value of x.","यदि 1/3 + 1/2 + 1/x = 4 तो x का मान ज्ञात कीजिए।","6/19","6/19","5/18","5/18","24/11","24/11","More than one of the above","उपर्युक्त में से एक से अधिक","None of the above","उपर्युक्त में से कोई नहीं","1","(1/3) + (1/2) = 5/6. So, 5/6 + 1/x = 4. 1/x = 4 - 5/6 = 19/6. Therefore, x = 6/19.","1/3 + 1/2 = 5/6 होता है। 5/6 + 1/x = 4 ⇒ 1/x = 4 - 5/6 = 19/6। अतः x = 6/19।"
"39","A student's marks were wrongly entered as 83 instead of 63. Due to this, the class average increased by half (1/2). The number of students in the class is:","एक छात्र के अंक गलती से 63 के बजाय 83 दर्ज हो गए। इस कारण से कक्षा के औसत अंक आधे (1/2) से बढ़ गए। कक्षा में छात्रों की संख्या है:","73","73","40","40","20","20","More than one of the above","उपर्युक्त में से एक से अधिक","None of the above","उपर्युक्त में से कोई नहीं","2","Error in marks = 83 - 63 = 20. This total increase of 20 caused an average increase of 0.5 per student. Total students = 20 / 0.5 = 40.","अंकों में वृद्धि = 83 - 63 = 20। कुल वृद्धि 20 है जिससे प्रति छात्र औसत आधा (0.5) बढ़ा। छात्रों की कुल संख्या = 20 / 0.5 = 40।"
"40","If 5^(x+3) = (25)^(3x-4), then the value of x is:","यदि 5^(x+3) = (25)^(3x-4) तो x का मान है:","11/5","11/5","13/5","13/5","11/3","11/3","More than one of the above","उपर्युक्त में से एक से अधिक","None of the above","उपर्युक्त में से कोई नहीं","1","5^(x+3) = (5^2)^(3x-4) ⇒ 5^(x+3) = 5^(6x-8). Equating powers: x + 3 = 6x - 8 ⇒ 5x = 11 ⇒ x = 11/5.","25 को 5^2 लिख सकते हैं। 5^(x+3) = 5^(6x-8)। घातों की तुलना करने पर: x + 3 = 6x - 8 ⇒ 5x = 11 ⇒ x = 11/5।"
"41","₹1,210 was divided among A, B, C such that A:B = 5:4 and B:C = 9:10. Then C gets:","₹1,210 को A, B, C के बीच विभाजित किया गया ताकि A:B=5:4 और B:C=9:10 हो। तो C को मिलता है:","400","400","475","475","340","340","More than one of the above","उपर्युक्त में से एक से अधिक","None of the above","उपर्युक्त में से कोई नहीं","1","Multiply A:B by 9 and B:C by 4 to make B equal. A:B:C = 45:36:40. Total parts = 121. Value of 1 part = 10. C gets 40 × 10 = ₹400.","B का अनुपात समान करने के लिए गुणा करें: A:B:C = 45:36:40। कुल भाग = 121। 1 भाग = 10। C का हिस्सा = 40 × 10 = ₹400।"
"42","How much time will it take to increase the value of a sum invested at 5% p.a. simple interest by 40%?","5% वार्षिक साधारण ब्याज पर निवेश की गई किसी धनराशि का मूल्य 40% तक बढ़ाने में कितना समय लगेगा?","6 years","6 वर्ष","7 years","7 वर्ष","8 years","8 वर्ष","More than one of the above","उपर्युक्त में से एक से अधिक","None of the above","उपर्युक्त में से कोई नहीं","3","Let Principal = P. Interest = 40% of P = 0.4P. Formula: SI = (P × R × T)/100 ⇒ 0.4P = (P × 5 × T)/100 ⇒ T = 40 / 5 = 8 years.","मान लें मूलधन P है। ब्याज मूलधन का 40% (0.4P) है। SI = (P × R × T) / 100 ⇒ 0.4P = (P × 5 × T)/100 ⇒ T = 40 / 5 = 8 वर्ष।"
"43","The ratio of the volumes of two cubes is 8:27. The ratio of their surface areas is:","दो घनों के आयतन का अनुपात 8:27 है। उनके सतह क्षेत्रफल का अनुपात है:","2:3","2:3","4:9","4:9","12:9","12:9","More than one of the above","उपर्युक्त में से एक से अधिक","None of the above","उपर्युक्त में से कोई नहीं","2","Volume ratio is a³:b³ = 8:27, so side ratio a:b = 2:3. Surface area ratio is a²:b² = 4:9.","आयतन का अनुपात (a³:b³) = 8:27, अतः भुजाओं का अनुपात (a:b) = 2:3 होगा। सतह क्षेत्रफल का अनुपात (a²:b²) = 4:9 होगा।"
"44","If x = 3 and y = -2 is a solution of the equation 4px - 3y = 12, then the value of p is:","यदि x = 3 और y = -2 समीकरण 4px - 3y = 12 का एक समाधान है, तो p का मान है:","0","0","-2","-2","1/2","1/2","More than one of the above","उपर्युक्त में से एक से अधिक","None of the above","उपर्युक्त में से कोई नहीं","3","Put x = 3, y = -2 in equation: 4p(3) - 3(-2) = 12 ⇒ 12p + 6 = 12 ⇒ 12p = 6 ⇒ p = 6/12 = 1/2.","समीकरण में मान रखने पर: 4p(3) - 3(-2) = 12 ⇒ 12p + 6 = 12 ⇒ 12p = 6 ⇒ p = 1/2।"
"45","The factorization of y² - 7y + 12 is:","y² - 7y + 12 का गुणनखंडन है:","(y + 3)(y + 4)","(y + 3)(y + 4)","(y + 3)(y - 4)","(y + 3)(y - 4)","(y - 3)(y + 4)","(y - 3)(y + 4)","More than one of the above","उपर्युक्त में से एक से अधिक","None of the above","उपर्युक्त में से कोई नहीं","5","y² - 3y - 4y + 12 = y(y-3) - 4(y-3) = (y-3)(y-4). None of the given options matches this. Hence, Option E.","y² - 4y - 3y + 12 = y(y-4) -3(y-4) = (y-3)(y-4)। दिए गए विकल्पों में से कोई भी सही नहीं है, अतः उत्तर E होगा।"
"46","The mode of the observations 2, 3, 7, 9, 7, 1, 1, 9, 1, 6, 9 is:","अवलोकनों 2, 3, 7, 9, 7, 1, 1, 9, 1, 6, 9 का बहुलक है:","2","2","1","1","9","9","More than one of the above","उपर्युक्त में से एक से अधिक","None of the above","उपर्युक्त में से कोई नहीं","4","The number 1 appears 3 times and the number 9 also appears 3 times (maximum frequency). Since there are two modes, it is 'More than one'.","दी गई शृंखला में 1 तीन बार और 9 भी तीन बार आया है। अतः इसके दो बहुलक (1 और 9) हैं। इसलिए उत्तर 'एक से अधिक' होगा।"
"47","Which of the following instruments is used to detect the current flowing in an electrical circuit?","निम्नलिखित में से वह कौन-सा यन्त्र है जिसके द्वारा विद्युत् परिपथ में बहने वाली धारा की पहचान होती है?","Galvanometer","गल्वनोमीटर","Generator","जेनरेटर","Ammeter","अमीटर","More than one of the above","उपर्युक्त में से एक से अधिक","None of the above","उपर्युक्त में से कोई नहीं","1","A Galvanometer is used to detect the presence and direction of a small electric current, while an Ammeter measures its magnitude.","गल्वनोमीटर का उपयोग परिपथ में विद्युत धारा की उपस्थिति (पहचान) और दिशा ज्ञात करने के लिए किया जाता है, जबकि अमीटर उसका परिमाण मापता है।"
"48","The optical process of twinkling of stars is due to which of the following?","सितारों के चमकने की प्रकाशीय प्रक्रिया निम्नलिखित में से किसके कारण होती है?","Atmospheric reflection","वातावरणीय परावर्तन","Atmospheric refraction","वातावरणीय अपवर्तन","Total refraction","पूर्ण अपवर्तन","More than one of the above","उपर्युक्त में से एक से अधिक","None of the above","उपर्युक्त में से कोई नहीं","2","Stars twinkle due to the atmospheric refraction of starlight as it passes through varying densities of the Earth's atmosphere.","पृथ्वी के वायुमंडल की विभिन्न परतों के घनत्व में बदलाव के कारण तारों के प्रकाश का 'वातावरणीय अपवर्तन' (Atmospheric Refraction) होता है, जिससे तारे चमकते/टिमटिमाते दिखते हैं।"
"49","It is convenient to drink hot tea in a porcelain mug compared to a steel glass, because:","पोर्सलीन मग में गरम चाय पीना सुविधाजनक है, स्टील के गिलास की तुलना में, क्योंकि:","Porcelain mug has a handle","पोर्सलीन मग में हैन्डल होता है","Porcelain is a bad conductor of heat","पोर्सलीन ऊष्मा का कुचालक है","Tea will cool down faster in steel glass","स्टील के गिलास में चाय तेजी से ठंडी हो जाएगी","More than one of the above","उपर्युक्त में से एक से अधिक","None of the above","उपर्युक्त में से कोई नहीं","2","Porcelain is a bad conductor (insulator) of heat, preventing the outside of the mug from getting too hot to hold.","पोर्सलीन ऊष्मा का कुचालक (Bad conductor) होता है, जिससे चाय की गर्माहट बाहर नहीं आती और हाथ नहीं जलता।"
"50","The image formed by a concave mirror:","अवतल दर्पण द्वारा बनाया हुआ प्रतिबिम्ब:","Will definitely be real if object is virtual","निश्चित रूप से वास्तविक होगा यदि वस्तु आभासी है","Is always real","हमेशा वास्तविक होता है","Is always virtual","हमेशा आभासी होता है","More than one of the above","उपर्युक्त में से एक से अधिक","None of the above","उपर्युक्त में से कोई नहीं","1","A concave mirror forms both real and virtual images for real objects. However, for a virtual object, it always forms a real image.","अवतल दर्पण वास्तविक वस्तुओं के लिए वास्तविक और आभासी दोनों प्रतिबिम्ब बनाता है। लेकिन यदि वस्तु आभासी है, तो प्रतिबिम्ब हमेशा वास्तविक ही बनता है।"
"51","Which of the following is included in amphoteric molecules?","निम्नलिखित में से कौन-सा ऐम्फोटेरिक अणुओं में शामिल है?","Acetic acid","ऐसिटिक अम्ल","Malic acid","मैलिक अम्ल","Water","जल","More than one of the above","उपर्युक्त में से एक से अधिक","None of the above","उपर्युक्त में से कोई नहीं","3","Water (H2O) is amphoteric because it can act as both an acid (donating a proton) and a base (accepting a proton).","जल (H2O) ऐम्फोटेरिक (उभयधर्मी) है क्योंकि यह अम्ल (प्रोटॉन देने वाला) और क्षार (प्रोटॉन लेने वाला) दोनों की तरह व्यवहार कर सकता है।"
"52","Lewis's postulate explains the behavior of which of the following?","लुईस की अभिधारणा, निम्नलिखित में से किसके बर्ताव को व्याख्यायित करती है?","Base","क्षार","Salt","लवण","Protonic acid","प्रोटोनिक ऐसिड","More than one of the above","उपर्युक्त में से एक से अधिक","None of the above","उपर्युक्त में से कोई नहीं","1","The Lewis concept defines an acid as an electron-pair acceptor and a base as an electron-pair donor.","गिल्बर्ट लुईस की अवधारणा के अनुसार, जो इलेक्ट्रॉन युग्म ग्रहण करे वह अम्ल है, और जो दान करे वह क्षार (Base) है।"
"53","What is the reverse of the neutralization process?","उदासीनीकरण प्रक्रिया का उत्क्रम क्या है?","Formation","फॉर्मेशन","Splitting","स्प्लिटिंग","Hydrolysis","हाइड्रोलिसिस","More than one of the above","उपर्युक्त में से एक से अधिक","None of the above","उपर्युक्त में से कोई नहीं","3","Neutralization is Acid + Base → Salt + Water. Its reverse is Salt + Water → Acid + Base, which is known as Hydrolysis.","उदासीनीकरण (Neutralization) में अम्ल और क्षार मिलकर लवण और जल बनाते हैं। इसके विपरीत लवण और जल के टूटने की प्रक्रिया को 'जल अपघटन' (Hydrolysis) कहते हैं।"
"54","Which of the following is a secondary pollutant?","निम्नलिखित में से कौन-सा द्वितीयक प्रदूषक है?","CO2","CO2","HF","HF","CO","CO","More than one of the above","उपर्युक्त में से एक से अधिक","None of the above","उपर्युक्त में से कोई नहीं","5","CO2, HF, and CO are primary pollutants (emitted directly). Secondary pollutants form from reactions in the atmosphere.","CO2, HF और CO प्राथमिक प्रदूषक हैं। द्वितीयक प्रदूषक वायुमंडल में अभिक्रिया से बनते हैं। अतः विकल्प E सही है।"
"55","Which part of DNA provides information for a protein?","डी० एन०ए० का कौन-सा भाग प्रोटीन की सूचना देता है?","Chromosome","क्रोमोसोम","RNA","आर० एन०ए०","Gene","जीन","More than one of the above","उपर्युक्त में से एक से अधिक","None of the above","उपर्युक्त में से कोई नहीं","3","A gene is a specific section of DNA that contains the instructions for making a particular protein.","जीन (Gene) डी.एन.ए. का वह विशिष्ट भाग है जो किसी विशेष प्रोटीन के निर्माण की सूचना देता है।"
"56","If a disease is transmitted from a non-human animal to a human, what is it called?","यदि कोई बीमारी नॉन ह्यूमैन प्राणी से किसी मनुष्य में पहुँचती है, तो इसे क्या कहते हैं?","Zoonotic disease","पशुजन्य बीमारी","Infectious disease","संक्रामक बीमारी","Congenital disease","जन्मजात बीमारी","More than one of the above","उपर्युक्त में से एक से अधिक","None of the above","उपर्युक्त में से कोई नहीं","1","Diseases that can spread from animals to humans are scientifically termed 'Zoonotic diseases' (e.g., Rabies).","जानवरों से इंसानों में फैलने वाली बीमारियों को 'पशुजन्य बीमारी' (Zoonotic disease) कहा जाता है (जैसे- रेबीज)।"
"57","Which of the following is not an abiotic factor?","निम्नलिखित में से कौन-सा अजैविक कारक नहीं है?","Humidity","आर्द्रता","Animals","जन्तु","Altitude","उन्नतांश","More than one of the above","उपर्युक्त में से एक से अधिक","None of the above","उपर्युक्त में से कोई नहीं","2","Animals (Jantu) are living organisms, hence they are a biotic (जैविक) factor, not abiotic (अजैविक).","जन्तु (Animals) सजीव होते हैं, इसलिए यह एक 'जैविक कारक' (Biotic factor) है, न कि अजैविक। आर्द्रता और उन्नतांश अजैविक हैं।"
"58","The effect of air pollution is usually found on which of the following?","वायु प्रदूषण का प्रभाव प्रायः निम्नलिखित में से किस पर पाया जाता है?","Flowers","फूलों पर","Stems","तनों पर","Leaves","पत्तियों पर","More than one of the above","उपर्युक्त में से एक से अधिक","None of the above","उपर्युक्त में से कोई नहीं","3","Air pollutants mainly enter plants through the stomata present on the leaves, causing maximum damage to them.","वायु प्रदूषक मुख्य रूप से पत्तियों पर मौजूद रंध्रों (Stomata) के माध्यम से पौधों में प्रवेश करते हैं, जिससे पत्तियों को सबसे अधिक नुकसान होता है।"
"59","The flow of electrons is called which of the following?","इलेक्ट्रॉन का प्रवाह निम्नलिखित में से क्या कहलाता है?","Electrolyte","अपघट्य","Electroplating","विद्युत् लेपन","Electric current","विद्युत्धारा","More than one of the above","उपर्युक्त में से एक से अधिक","None of the above","उपर्युक्त में से कोई नहीं","3","The continuous flow of free electrons in a definite direction within a conductor is defined as an electric current.","किसी चालक (Conductor) में एक निश्चित दिशा में मुक्त इलेक्ट्रॉनों के प्रवाह को विद्युत्धारा (Electric current) कहा जाता है।"
"60","Choose the correct unit for relative density from the following:","निम्नलिखित में से आपेक्षिक घनत्व के लिए सही इकाई (मात्रक) चुनिए:","kg/cm","कि०ग्रा० / से०मी०","Unitless","मात्रकविहीन","kg/m³","कि०ग्रा०/ घन मीटर","More than one of the above","उपर्युक्त में से एक से अधिक","None of the above","उपर्युक्त में से कोई नहीं","2","Relative density is the ratio of two densities, so the units cancel out, making it unitless.","आपेक्षिक घनत्व (Relative Density) दो समान भौतिक राशियों का अनुपात होता है, इसलिए यह मात्रकविहीन है।"
"61","If we keep camphor in an open vessel, its quantity continuously decreases. The name of this phenomenon is:","यदि हम कपूर को खुले बर्तन में रखें, तो उसकी मात्रा बराबर घटती रहती है। इस घटना का नाम है:","Sublimation","उत्सादन","Precipitation","अवक्षेपण","Condensation","संघनीकरण","More than one of the above","उपर्युक्त में से एक से अधिक","None of the above","उपर्युक्त में से कोई नहीं","1","Camphor changes directly from solid to gas without becoming a liquid. This process is called sublimation.","कपूर बिना द्रव में बदले सीधे ठोस से गैस में बदल जाता है। इस प्रक्रिया को 'उत्सादन' या 'ऊर्ध्वपातन' (Sublimation) कहते हैं।"
"62","Name the metal which remains in a liquid state at room temperature.","कमरे के ताप पर द्रव स्थिति में रहने वाली धातु का नाम बताइए।","Mercury","पारा","Bromine","ब्रोमीन","Sodium","सोडियम","More than one of the above","उपर्युक्त में से एक से अधिक","None of the above","उपर्युक्त में से कोई नहीं","1","Mercury is the only metal that is liquid at standard room temperature.","पारा (Mercury) एक ऐसी धातु है जो कमरे के ताप पर द्रव अवस्था में होती है।"
"63","The Central Government has extended the tenure of 'Atal Bhujal Yojana' up to:","केन्द्र सरकार ने 'अटल भूजल योजना' की समयावधि को बढ़ाया है:","2025","2025 तक","2027","2027 तक","2030","2030 तक","More than one of the above","उपर्युक्त में से एक से अधिक","None of the above","उपर्युक्त में से कोई नहीं","2","The Central Government extended the Atal Bhujal Yojana (ABY) for two more years until 2027 to ensure groundwater management.","केंद्र सरकार ने भूजल प्रबंधन को सुनिश्चित करने के लिए 'अटल भूजल योजना' (ABY) का कार्यकाल 2 साल बढ़ाकर 2027 तक कर दिया है।"
"64","Which Indian Institute of Technology has decided to open its campus in Tanzania?","किस भारतीय प्रौद्योगिकी संस्थान ने तंजानिया में अपना परिसर खोलने का निर्णय किया है?","IIT Madras","आइ० आइ० टी० मद्रास","IIT Delhi","आइ० आइ० टी० दिल्ली","IIT Mumbai","आइ० आइ० टी० मुम्बई","More than one of the above","उपर्युक्त में से एक से अधिक","None of the above","उपर्युक्त में से कोई नहीं","1","IIT Madras has set up its first international campus in Zanzibar, Tanzania.","IIT मद्रास ने अपना पहला अंतरराष्ट्रीय परिसर तंजानिया के ज़ांज़ीबार (Zanzibar) में स्थापित किया है।"
"65","'Kheer Bhawani Mela' is organized in:","'खीर भवानी मेला' आयोजित किया जाता है:","Punjab","पंजाब में","Rajasthan","राजस्थान में","Jammu and Kashmir","जम्मू-कश्मीर में","More than one of the above","उपर्युक्त में से एक से अधिक","None of the above","उपर्युक्त में से कोई नहीं","3","Kheer Bhawani Mela is a famous annual festival celebrated by Kashmiri Pandits at the Mata Kheer Bhawani temple in Jammu and Kashmir.","खीर भवानी मेला जम्मू-कश्मीर में माता खीर भवानी मंदिर में कश्मीरी पंडितों द्वारा मनाया जाने वाला एक प्रसिद्ध वार्षिक उत्सव है।"
"66","Which is the longest irrigation canal in India?","भारत की सबसे लंबी सिचाई नहर कौन-सी है?","Yamuna Canal","यमुना नहर","Eastern Kosi Canal","पूर्वी कोसी नहर","Indira Gandhi Canal","इन्दिरा गाँधी नहर","More than one of the above","उपर्युक्त में से एक से अधिक","None of the above","उपर्युक्त में से कोई नहीं","3","The Indira Gandhi Canal is the longest canal in India (approx 650 km), starting from Harike Barrage and providing water to Rajasthan.","इन्दिरा गाँधी नहर भारत की सबसे लंबी नहर है (लगभग 650 किमी)। यह हरिके बैराज से निकलती है और राजस्थान को पानी प्रदान करती है।"
"67","Who is the new Central Vigilance Commissioner?","नए केन्द्रीय सतर्कता आयुक्त कौन है?","N. K. Srivastava","एन० के० श्रीवास्तव","P. K. Srivastava","पी० के० श्रीवास्तव","B. K. Verma","बी० के० वर्मा","More than one of the above","उपर्युक्त में से एक से अधिक","None of the above","उपर्युक्त में से कोई नहीं","2","Praveen Kumar Srivastava (P.K. Srivastava) was sworn in as the Central Vigilance Commissioner (CVC) in 2023.","प्रवीन कुमार श्रीवास्तव (पी.के. श्रीवास्तव) ने 2023 में नए केन्द्रीय सतर्कता आयुक्त (CVC) के रूप में शपथ ली।"
"68","What is the rank of India in the Henley Passport Index, 2023?","हेनले पासपोर्ट सूचकांक, 2023 में भारत का कौन-सा स्थान है?","144th","144वाँ","162nd","162वाँ","124th","124वाँ","More than one of the above","उपर्युक्त में से एक से अधिक","None of the above","उपर्युक्त में से कोई नहीं","5","In the July 2023 Henley Passport Index, India was ranked 80th. None of the given options are correct.","हेनले पासपोर्ट सूचकांक (जुलाई 2023) में भारत का स्थान 80वाँ था। दिए गए विकल्पों में से कोई भी सही नहीं है।"
"69","Mallika Sarabhai is associated with:","मल्लिका साराभाई सम्बन्धित है:","Medical Science","चिकित्सा विज्ञान से","Painting","चित्रकारी से","Classical Dance","शास्त्रीय नृत्य से","More than one of the above","उपर्युक्त में से एक से अधिक","None of the above","उपर्युक्त में से कोई नहीं","3","Mallika Sarabhai is a renowned Indian classical dancer (Kuchipudi and Bharatanatyam) and actress.","मल्लिका साराभाई एक प्रसिद्ध भारतीय शास्त्रीय नृत्यांगना (कुचिपुड़ी और भरतनाट्यम) और अभिनेत्री हैं।"
"70","Which bank has decided to acquire the famous Credit Suisse Bank?","किस बैंक द्वारा प्रसिद्ध क्रेडिट सुइस बैंक का अधिग्रहण करने का निर्णय किया गया है?","UBS Bank","यू० बी० एस० बैंक","SBI Bank","एस० बी० आइ० बैंक","Central Bank of Japan","जापान का केन्द्र बैंक","More than one of the above","उपर्युक्त में से एक से अधिक","None of the above","उपर्युक्त में से कोई नहीं","1","UBS (Union Bank of Switzerland) acquired its rival Credit Suisse in 2023 to prevent a global banking crisis.","2023 में वैश्विक बैंकिंग संकट को रोकने के लिए यूबीएस (UBS) ने अपने प्रतिद्वंद्वी क्रेडिट सुइस बैंक का अधिग्रहण किया।"
"71","Which country organizes the 'Free Land Camp' every year for indigenous people?","कौन-सा देश प्रति वर्ष स्वदेशी लोगों के लिए 'फ्री लैंड कैंप' आयोजित करता है?","Nepal","नेपाल","India","भारत","Brazil","ब्राज़ील","More than one of the above","उपर्युक्त में से एक से अधिक","None of the above","उपर्युक्त में से कोई नहीं","3","The 'Free Land Camp' (Acampamento Terra Livre) is an annual mobilization by the indigenous people of Brazil to fight for their land rights.","'फ्री लैंड कैंप' ब्राज़ील के स्वदेशी लोगों द्वारा अपने भूमि अधिकारों के लिए किया जाने वाला एक वार्षिक आयोजन है।"
"72","In which year was the 'Rashtriya Janata Dal' (RJD) founded?","'राष्ट्रीय जनता दल' की स्थापना किस वर्ष हुई थी?","1998","1998","1996","1996","1997","1997","More than one of the above","उपर्युक्त में से एक से अधिक","None of the above","उपर्युक्त में से कोई नहीं","3","The Rashtriya Janata Dal (RJD) was founded by Lalu Prasad Yadav on July 5, 1997.","'राष्ट्रीय जनता दल' (राजद) की स्थापना लालू प्रसाद यादव द्वारा 5 जुलाई 1997 को की गई थी।"
"73","According to the Bihar Industrial Investment Promotion (Textile & Leather) Policy, 2022, what is the maximum amount of grant given for patent fees?","बिहार औद्योगिक निवेश प्रोत्साहन (वस्त्र एवं चर्म) नीति, 2022 के अनुसार, पेटेन्ट शुल्क की कितनी राशि तक का अनुदान दिया जाएगा?","5 lakh","5 लाख","10 lakh","10 लाख","20 lakh","20 लाख","More than one of the above","उपर्युक्त में से एक से अधिक","None of the above","उपर्युक्त में से कोई नहीं","2","Under this policy, a grant of up to ₹10 lakh per patent is provided to promote innovation.","इस नीति के तहत, पेटेंट पंजीकरण हेतु अधिकतम ₹10 लाख प्रति पेटेंट का अनुदान दिया जाता है।"
"74","How many assembly constituencies are there under Patna district?","पटना जिले के अन्तर्गत कितने विधानसभा निर्वाचन क्षेत्र हैं?","16","16","12","12","14","14","More than one of the above","उपर्युक्त में से एक से अधिक","None of the above","उपर्युक्त में से कोई नहीं","3","Patna district is divided into 14 Vidhan Sabha constituencies.","पटना जिले को 14 विधानसभा (Vidhan Sabha) निर्वाचन क्षेत्रों में बाँटा गया है।"
"75","India borrowed the idea of a federal system with a strong center from:","भारत ने एक मजबूत केन्द्र के साथ संघीय प्रणाली का विचार उधार लिया था:","Canada","कनाडा से","U.S.A.","यू० एस० ए० से","U.K.","यू० के० से","More than one of the above","उपर्युक्त में से एक से अधिक","None of the above","उपर्युक्त में से कोई नहीं","1","The Indian Constitution borrowed the concept of a 'Federation with a strong Centre' from the Constitution of Canada.","भारतीय संविधान में 'एक मजबूत केंद्र के साथ संघीय व्यवस्था' का प्रावधान कनाडा के संविधान से लिया गया है।"
"76","The minimum age required to become a member of the Rajya Sabha is:","राज्य सभा का सदस्य बनने के लिए आवश्यक न्यूनतम आयु है:","18 years","18 वर्ष","25 years","25 वर्ष","30 years","30 वर्ष","More than one of the above","उपर्युक्त में से एक से अधिक","None of the above","उपर्युक्त में से कोई नहीं","3","Article 84(b) of the Constitution sets the minimum age for Rajya Sabha at 30 years.","संविधान के अनुसार, राज्यसभा का सदस्य बनने के लिए न्यूनतम आयु 30 वर्ष है।"
"77","Which Indian film won an Oscar award in 2023?","किस भारतीय फिल्म ने 2023 में ऑस्कर पुरस्कार जीता?","The Elephant Whisperers","द एलिफेंट व्हिस्पार्स","All That Breathes","ऑल दैट ब्रीदूस","Chhello Show","छेल्लो शो","More than one of the above","उपर्युक्त में से एक से अधिक","None of the above","उपर्युक्त में से कोई नहीं","1","'The Elephant Whisperers' won the Academy Award for Best Documentary Short Film in 2023.","'द एलिफेंट व्हिस्पर्स' ने 2023 में सर्वश्रेष्ठ वृत्तचित्र लघु फिल्म का ऑस्कर जीता।"
"78","Which article of the Constitution ensures the abolition of untouchability?","संविधान का कौन-सा अनुच्छेद अस्पृश्यता के उन्मूलन को सुनिश्चित करता है?","Article 15","अनुच्छेद 15","Article 16","अनुच्छेद 16","Article 17","अनुच्छेद 17","More than one of the above","उपर्युक्त में से एक से अधिक","None of the above","उपर्युक्त में से कोई नहीं","3","Article 17 of the Indian Constitution abolishes the practice of untouchability.","भारतीय संविधान का अनुच्छेद 17 अस्पृश्यता (छुआछूत) के अंत का प्रावधान करता है।"
"79","Which of the following is not a giant (Jovian) planet?","निम्नलिखित में से कौन-सा वृहद् ग्रह नहीं है?","Mars","मंगल","Jupiter","बृहस्पति","Saturn","शनि","More than one of the above","उपर्युक्त में से एक से अधिक","None of the above","उपर्युक्त में से कोई नहीं","1","Mars is a rocky planet, while Jupiter and Saturn are giant (gas) planets.","मंगल एक स्थलीय (चट्टानी) ग्रह है, जबकि बृहस्पति और शनि वृहद् ग्रह (गैस दानव) हैं।"
"80","In which district of Bihar is the production of paddy maximum?","बिहार के किस जिले में धान का उत्पादन सर्वाधिक होता है?","Bhojpur","भोजपुर","Rohtas","रोहतास","Nalanda","नालन्दा","More than one of the above","उपर्युक्त में से एक से अधिक","None of the above","उपर्युक्त में से कोई नहीं","2","Rohtas is the leading producer of paddy (rice) and wheat in Bihar.","रोहतास जिला बिहार में धान का सबसे बड़ा उत्पादक है।"
"81","Which is the establishment year of the Survey of India?","कौन-सा भारतीय सर्वेक्षण विभाग का स्थापना वर्ष है?","1667","1667","1767","1767","1867","1867","More than one of the above","उपर्युक्त में से एक से अधिक","None of the above","उपर्युक्त में से कोई नहीं","2","The Survey of India was set up in 1767 by the British East India Company.","'भारतीय सर्वेक्षण विभाग' की स्थापना 1767 में हुई थी।"
"82","Aquaculture (Pisciculture) is an indicator of:","मत्स्यकृषि सूचक है:","Determinism","नियतिवाद का","Possibilism","सम्भववाद का","Probabilism","सम्भाव्यतावाद का","More than one of the above","उपर्युक्त में से एक से अधिक","None of the above","उपर्युक्त में से कोई नहीं","2","Aquaculture modifies the natural environment for human needs, illustrating the geographical concept of 'Possibilism'.","मत्स्यकृषि प्राकृतिक वातावरण को मानव उपयोग के लिए अनुकूलित करने का उदाहरण है, जो भूगोल में 'सम्भववाद' (Possibilism) को दर्शाता है।"
"83","The rocky surface found on a mountain peak is called:","पर्वत शिखर पर मिलने वाली चट्टानी सतह कहलाती है:","Felsenmeer","फेलसेनमीर","Fella","फेल्ला","Felt","फेल्ट","More than one of the above","उपर्युक्त में से एक से अधिक","None of the above","उपर्युक्त में से कोई नहीं","1","'Felsenmeer' is a German geographical term meaning 'sea of rock'.","'फेलसेनमीर' (Felsenmeer) पर्वत शिखरों या ठंडे प्रदेशों में मिलने वाली विस्तृत चट्टानी सतह को कहते हैं।"
"84","The 'Landschaft' ideology is associated with which school?","लैंडशाफ्ट विचारधारा किस स्कूल से सम्बन्धित है?","French school","फ्रेन्च स्कूल","German school","जर्मन स्कूल","British school","ब्रिटिश स्कूल","More than one of the above","उपर्युक्त में से एक से अधिक","None of the above","उपर्युक्त में से कोई नहीं","2","'Landschaft' is a German geographical concept.","'लैंडशाफ्ट' (Landschaft) जर्मन भूगोलवेत्ताओं (German School of Geography) द्वारा विकसित एक अवधारणा है।"
"85","Where is Amarkantak, the origin of the Son river, located?","सोन नदी का उत्पत्ति-स्थल अमरकंटक कहाँ स्थित है?","Maikal Range","मैकाल श्रेणी","Makalu Range","मकालू श्रेणी","Rajmahal Hills","राजमहल पहाड़ियाँ","More than one of the above","उपर्युक्त में से एक से अधिक","None of the above","उपर्युक्त में से कोई नहीं","1","Amarkantak is located in the Maikal Range of Madhya Pradesh.","अमरकंटक मध्य प्रदेश की मैकाल श्रेणी (Maikal Range) में स्थित है।"
"86","Approximately what percentage of the area of Madhya Pradesh is cultivable?","मध्य प्रदेश का लगभग कितना प्रतिशत क्षेत्रफल कृषि योग्य है?","44%","44%","30%","30%","50%","50%","More than one of the above","उपर्युक्त में से एक से अधिक","None of the above","उपर्युक्त में से कोई नहीं","1","About 44% to 49% of the total geographical area of Madhya Pradesh is considered net sown/cultivable area.","मध्य प्रदेश के कुल भौगोलिक क्षेत्रफल का लगभग 44% (Net Sown Area) कृषि योग्य भूमि के अंतर्गत आता है।"
"87","Environmental pollution gave birth to:","पर्यावरण प्रदूषण ने जन्म दिया:","Determinism","नियतिवाद को","Neo-determinism","नव-नियतिवाद को","Scientific determinism","वैज्ञानिक नियतिवाद को","More than one of the above","उपर्युक्त में से एक से अधिक","None of the above","उपर्युक्त में से कोई नहीं","2","Environmental degradation led to 'Neo-determinism' proposed by Griffith Taylor.","पर्यावरण प्रदूषण और असंतुलन ने ग्रिफिथ टेलर के 'नव-नियतिवाद' को जन्म दिया।"
"88","In which district of Bihar is the production of wheat maximum?","बिहार के किस जिले में गेहूँ का उत्पादन सर्वाधिक होता है?","Patna","पटना","Rohtas","रोहतास","Jehanabad","जहानाबाद","More than one of the above","उपर्युक्त में से एक से अधिक","None of the above","उपर्युक्त में से कोई नहीं","2","Rohtas is the highest producer of both wheat and paddy in Bihar.","रोहतास जिला बिहार में धान के साथ-साथ गेहूँ का भी सबसे बड़ा उत्पादक है।"
"89","Fault scarp is:","भंश स्कार्प होता है:","Structural","संरचनात्मक","Erosional","अपरदनात्मक","Tectonic","विवर्तनिक","More than one of the above","उपर्युक्त में से एक से अधिक","None of the above","उपर्युक्त में से कोई नहीं","3","A fault scarp is a small step or offset on the ground surface caused by fault movement, a tectonic feature.","भ्रंश कगार (Fault scarp) पृथ्वी की सतह पर एक खड़ी ढलान है जो भ्रंश (Fault) के कारण बनती है। यह एक विवर्तनिक स्थलाकृति है।"
"90","In which district of Bihar is the production of sugar maximum?","बिहार के किस जिले में चीनी का उत्पादन सर्वाधिक होता है?","East Champaran","पूर्वी चम्पारण","West Champaran","पश्चिमी चम्पारण","Saran","सारण","More than one of the above","उपर्युक्त में से एक से अधिक","None of the above","उपर्युक्त में से कोई नहीं","2","West Champaran is the leading producer of sugarcane and sugar in Bihar.","पश्चिमी चम्पारण बिहार में गन्ने और चीनी का सबसे बड़ा उत्पादक जिला है।"
"91","When was Patna College established?","पटना कॉलेज कब स्थापित हुआ?","1861","1861","1863","1863","1865","1865","More than one of the above","उपर्युक्त में से एक से अधिक","None of the above","उपर्युक्त में से कोई नहीं","2","Patna College was established on January 9, 1863.","पटना कॉलेज की स्थापना 9 जनवरी 1863 को हुई थी।"
"92","Who among these was the editor of the newspaper 'Vande Mataram'?","इनमें से कौन 'वन्दे मातरम्' समाचार-पत्र के संपादक थे?","Bankim Chandra Chatterjee","बंकिम चन्द्र चटर्जी","Aurobindo Ghosh","अरविन्द घोष","Bipin Chandra Pal","विपिन चन्द्र पाल","More than one of the above","उपर्युक्त में से एक से अधिक","None of the above","उपर्युक्त में से कोई नहीं","2","The English language newspaper 'Bande Mataram' was founded by Bipin Chandra Pal but edited primarily by Aurobindo Ghosh.","अंग्रेजी समाचार पत्र 'वंदे मातरम्' की शुरुआत विपिन चंद्र पाल ने की थी, लेकिन इसके प्रमुख संपादक अरविंद घोष थे।"
"93","By whom was the 'All India Harijan Sangh' founded in 1932?","'ऑल इंडिया हरिजन संघ' की स्थापना 1932 में किसके द्वारा की गई थी?","Dr. B. R. Ambedkar","डॉ० बी० आर० अम्बेदकर","Jagjivan Ram","जगजीवन राम","Mahatma Gandhi","महात्मा गाँधी","More than one of the above","उपर्युक्त में से एक से अधिक","None of the above","उपर्युक्त में से कोई नहीं","3","Mahatma Gandhi founded the Harijan Sevak Sangh in 1932 to eradicate untouchability.","महात्मा गाँधी ने 1932 में 'हरिजन सेवक संघ' की स्थापना की थी।"
"94","Which event happened first?","कौन-सी घटना सबसे पहले हुई?","Quit India Movement Resolution","भारत छोड़ो आन्दोलन का प्रस्ताव","Arrival of Cripps Mission","क्रिप्स मिशन का आगमन","Arrival of Lord Wavell as Governor General","गवर्नर जनरल पद पर लॉर्ड वेवेल का आगमन","More than one of the above","उपर्युक्त में से एक से अधिक","None of the above","उपर्युक्त में से कोई नहीं","2","Cripps Mission arrived in March 1942. Quit India Resolution was in August 1942.","क्रिप्स मिशन (मार्च 1942), भारत छोड़ो प्रस्ताव (अगस्त 1942)। अतः सबसे पहले क्रिप्स मिशन का आगमन हुआ।"
"95","Who among these mocked the Indian National Congress by saying that 'it represents a very microscopic minority'?","इनमें से किसने यह कहते हुए भारतीय राष्ट्रीय काँग्रेस की हँसी उड़ाई कि 'यह एक बहुत सूक्ष्म भाग (अल्पसंख्यक) का प्रतिनिधित्व करता है'?","Dufferin","डफरिन","Curzon","कर्जन","Minto","मिन्टो","More than one of the above","उपर्युक्त में से एक से अधिक","None of the above","उपर्युक्त में से कोई नहीं","1","Lord Dufferin mocked the INC by calling it a representative of a 'microscopic minority'.","लॉर्ड डफरिन ने यह कहकर कांग्रेस का मज़ाक उड़ाया था कि यह केवल 'सूक्ष्मदर्शी अल्पसंख्यकों' (microscopic minority) का प्रतिनिधित्व करती है।"
"96","Who was sentenced to death in the Muzaffarpur bomb case?","मुजफ्फरपुर बम काण्ड में किसको फाँसी की सजा दी गई थी?","Prafulla Chaki","प्रफुल्ल चाकी","Khudiram Bose","खुदीराम बोस","Rashbehari Bose","रासबिहारी बोस्","More than one of the above","उपर्युक्त में से एक से अधिक","None of the above","उपर्युक्त में से कोई नहीं","2","Khudiram Bose was caught and hanged in the 1908 Muzaffarpur bombing case.","1908 के मुजफ्फरपुर बम कांड के बाद खुदीराम बोस को गिरफ्तार करके फाँसी दी गई थी।"
"97","Who among the following was not associated with the 'Ahrar Movement'?","इनमें से कौन एक 'अहरार आन्दोलन' से सम्बन्धित नहीं थे?","Maulana Mazharul Haque","मौलाना मजहरुल हक़","Maulana Zafar Ali Khan","मौलाना जफर अली खाँ","Maulana Altaf Hussain Hali","मौलाना अल्ताफ हुसैन हाली","More than one of the above","उपर्युक्त में से एक से अधिक","None of the above","उपर्युक्त में से कोई नहीं","3","Maulana Altaf Hussain Hali was part of the Aligarh Movement, not the nationalist Ahrar Movement.","मौलाना अल्ताफ हुसैन हाली अलीगढ़ आन्दोलन से जुड़े थे, 'अहरार आन्दोलन' से नहीं।"
"98","Who led the 'Kol Rebellion' during 1832-33?","1832-33 के मध्य 'कोल विद्रोह' का नेतृत्व किसने किया था?","Narayan Rao","नारायण राव","Sidhu and Kanhu","सिधू और कान्हू","Buddhu Bhagat","बुद्धू भगत","More than one of the above","उपर्युक्त में से एक से अधिक","None of the above","उपर्युक्त में से कोई नहीं","5","The Kol uprising was led by Buddhu Bhagat. The given options don't match exactly.","कोल विद्रोह का नेतृत्व बुद्धू भगत ने किया था। दिए गए विकल्पों में सही नाम नहीं है, अतः विकल्प E सही है।"
"99","In which year did Babu Kunwar Singh pass away?","किस वर्ष बाबू कुँवर सिंह का देहान्त हुआ?","1857","1857","1858","1858","1859","1859","More than one of the above","उपर्युक्त में से एक से अधिक","None of the above","उपर्युक्त में से कोई नहीं","2","Babu Kunwar Singh died on 26 April 1858.","बाबू वीर कुँवर सिंह का निधन 26 अप्रैल 1858 को हुआ था।"
"100","Who is credited with founding the 'Young Bengal Movement'?","'युवा बंगाल आन्दोलन' की स्थापना का श्रेय किसे है?","Henry Vivian Derozio","हेनरी विवियन डेरोजियो","Ishwar Chandra Vidyasagar","ईश्वरचन्द्र विद्यासागर","Raja Ram Mohan Roy","राजा राममोहन राय","More than one of the above","उपर्युक्त में से एक से अधिक","None of the above","उपर्युक्त में से कोई नहीं","1","The Young Bengal Movement was founded by Henry Louis Vivian Derozio.","'युवा बंगाल आन्दोलन' की शुरुआत हेनरी लुई विवियन डेरोजियो ने की थी।"
"101","On which date did Clement Attlee announce that the British would leave India by June 1948?","किस तिथि को क्लीमेन्ट एटली ने घोषणा की, कि जून 1948 तक ब्रिटिश भारत को छोड़ देगा?","20 January, 1947","20 जनवरी, 1947","20 February, 1947","20 फरवरी, 1947","10 January, 1947","10 जनवरी, 1947","More than one of the above","उपर्युक्त में से एक से अधिक","None of the above","उपर्युक्त में से कोई नहीं","2","British Prime Minister Clement Attlee made this historic declaration in the House of Commons on 20 February 1947.","ब्रिटिश प्रधानमंत्री क्लीमेंट एटली ने 20 फरवरी 1947 को हाउस ऑफ कॉमन्स में घोषणा की थी कि अंग्रेज जून 1948 तक भारत छोड़ देंगे।"
"102","In which year was Bihar separated from Bengal?","किस वर्ष बिहार को बंगाल से अलग किया गया था?","1905","1905","1907","1907","1909","1909","More than one of the above","उपर्युक्त में से एक से अधिक","None of the above","उपर्युक्त में से कोई नहीं","5","Bihar (along with Orissa) was separated from the Bengal Presidency in 1912. Since 1912 is not in the options, the answer is 'None of the above'.","बिहार (और उड़ीसा) को बंगाल प्रेसीडेंसी से 1912 में अलग किया गया था। विकल्पों में 1912 नहीं है, इसलिए विकल्प E (कोई नहीं) सही है।"
"103","Which of the following was the main cause of the Quit India Movement, 1942?","निम्नलिखित में से भारत छोड़ो आन्दोलन, 1942 का मुख्य कारण क्या था?","Failure of the Cripps Mission","क्रिप्स मिशन की असफलता","Harmful effects of the Second World War","द्वितीय विश्वयुद्ध के हानिकारक प्रभाव","Gandhi-Irwin Pact","गाँधी-इरविन समझौता","More than one of the above","उपर्युक्त में से एक से अधिक","None of the above","उपर्युक्त में से कोई नहीं","1","The immediate cause of the Quit India Movement was the failure of the Cripps Mission (1942).","भारत छोड़ो आंदोलन का तात्कालिक और मुख्य कारण क्रिप्स मिशन (1942) की विफलता थी।"
"104","'Hindi shall be the official language of the Union of India' – this was decided in September 1949 by which committee of the Constituent Assembly?","'हिन्दी भारत के संघ की राजभाषा होगी', ऐसा संविधान निर्मात्री सभा की किस समिति द्वारा, सितम्बर 1949 में निर्णीत कर दिया था?","By the Committee on the Supreme Court","सर्वोच्च न्यायालय पर समिति द्वारा","By the Rules and Procedure Committee","नियम तथा प्रक्रिया समिति द्वारा","By the Drafting Committee","प्रारूप समिति द्वारा","More than one of the above","उपर्युक्त में से एक से अधिक","None of the above","उपर्युक्त में से कोई नहीं","3","The Drafting Committee drafted the language provisions which made Hindi the official language.","यह निर्णय प्रारूप समिति (Drafting Committee) द्वारा किया गया था।"
"105","Which of the following aspects of the nullity of law is found in India?","निम्नलिखित में से भारतवर्ष में विधि की शून्यता का कौन-सा पहलू पाया जाता है?","Judiciary can declare disputed executive orders or legislative measures void, wholly or in part","न्यायपालिका, विवादित कार्यपालिका आदेश या विधायी उपायों को, पूर्णतः या उसके भाग को शून्य घोषित कर सकती है","A statute can be declared void wholly or in part","एक संविधि पूर्णतः या आंशिक रूप से शून्य घोषित की जा सकती है","A void law can be revived by the state through a constitutional amendment","एक शून्य विधि को, संवैधानिक संशोधन के माध्यम से, राज्य द्वारा पुनर्जीवित किया जा सकता है","More than one of the above","उपर्युक्त में से एक से अधिक","None of the above","उपर्युक्त में से कोई नहीं","4","In India, the judiciary has the power of judicial review to strike down laws wholly or partially. Thus, both A and B are correct.","भारत में न्यायपालिका न्यायिक समीक्षा के तहत विधियों और आदेशों को पूर्ण या आंशिक रूप से शून्य घोषित कर सकती है। अतः A और B दोनों सही हैं।"
"106","Which of the following committee's main objective was to give an exact definition of 'defection' in India before 1970?","निम्नलिखित में से किस समिति का मुख्य उद्देश्य 1970 से पूर्व, भारत में 'दलबदल' की सटीक परिभाषा देना था?","Chavan Committee","चव्हाण समिति","Harshad Mehta Committee","हर्षद मेहता समिति","Mudaliar Committee","मुदालियर समिति","More than one of the above","उपर्युक्त में से एक से अधिक","None of the above","उपर्युक्त में से कोई नहीं","1","The Y.B. Chavan Committee was constituted in 1967 to study political defections and define it.","वाई.बी. चव्हाण समिति का गठन 1967 में राजनीतिक 'दलबदल' की समस्या का अध्ययन करने के लिए किया गया था।"
"107","Who among these termed the 'Community Development Programme' as a 'Silent Revolution'?","इनमें से किसने 'सामुदायिक कार्यक्रम' को एक 'मौन क्रान्ति' की संज्ञा दी थी?","Dr. Rajendra Prasad","डॉ० राजेन्द्र प्रसाद ने","Jawaharlal Nehru","जवाहरलाल नेहरू ने","Dr. B. R. Ambedkar","डॉ० बी० आर० अम्बेदकर ने","More than one of the above","उपर्युक्त में से एक से अधिक","None of the above","उपर्युक्त में से कोई नहीं","2","Prime Minister Jawaharlal Nehru launched the programme in 1952 and termed it a 'silent revolution'.","प्रधानमंत्री जवाहरलाल नेहरू ने 1952 में इस कार्यक्रम की शुरुआत की थी और इसे एक 'मौन क्रांति' कहा था।"
"108","In which of the following years was the Bihar Solar Energy Irrigation Scheme started?","बिहार सौर ऊर्जा सिचाई योजना निम्नलिखित से किस वर्ष आरम्भ की गई थी?","2008","2008","2011","2011","2014","2014","More than one of the above","उपर्युक्त में से एक से अधिक","None of the above","उपर्युक्त में से कोई नहीं","5","Dedicated Solar irrigation schemes were implemented much later (post-2017). None of the given years are correct.","बिहार में सौर सिंचाई योजनाएं 2017 के बाद शुरू की गईं। दिए गए विकल्पों में से कोई भी वर्ष सही नहीं है।"
"109","The size of the Broad Gauge railway line is:","ब्रॉड गेज रेल्वे लाइन की साइज होती है:","1676 mm","1676 एम० एम०","1435 mm","1435 एम० एम०","1067 mm","1067 एम० एम०","More than one of the above","उपर्युक्त में से एक से अधिक","None of the above","उपर्युक्त में से कोई नहीं","1","The standard distance for Broad Gauge in India is 1676 mm (5 ft 6 in).","भारत में ब्रॉड गेज रेलवे लाइन की पटरियों के बीच की दूरी 1676 mm होती है।"
"110","Who is the javelin thrower who holds both Olympic and World Championship titles?","भाला फेंकने वाला वह कौन है, जिसके पास ओलम्पिक तथा वर्ल्ड चैम्पियनशिप दोनों खिताब है?","Jan Zelezny","जैन जेलेज्नी","Arshad Nadeem","अरशद नदीम","Neeraj Chopra","नीरज चोपड़ा","More than one of the above","उपर्युक्त में से एक से अधिक","None of the above","उपर्युक्त में से कोई नहीं","4","Both Czech legend Jan Zelezny and India's Neeraj Chopra hold both titles.","भारत के नीरज चोपड़ा और चेक गणराज्य के दिग्गज जैन जेलेज्नी दोनों के पास यह दोनों खिताब हैं। अतः एक से अधिक विकल्प सही हैं।"
"111","The unit of measurement of sound is called:","ध्वनि के मापन की इकाई को कहा जाता है:","Volt","वोल्ट","Watt","बाट","Ampere","ऐम्पीयर","More than one of the above","उपर्युक्त में से एक से अधिक","None of the above","उपर्युक्त में से कोई नहीं","5","The unit for measuring sound is Decibel (dB). None of the given options are correct.","ध्वनि मापने की इकाई डेसिबल (Decibel) होती है। अतः विकल्प E सही है।"
"112","When was the new Parliament building of India dedicated to the nation?","भारत के नए संसद भवन को देश को कब समर्पित किया गया?","28 May, 2023","28 मई, 2023","23 August, 2023","23 अगस्त, 2023","15 August, 2022","15 अगस्त, 2022","More than one of the above","उपर्युक्त में से एक से अधिक","None of the above","उपर्युक्त में से कोई नहीं","1","Prime Minister Narendra Modi inaugurated the new Parliament building on 28 May 2023.","प्रधानमंत्री नरेंद्र मोदी ने 28 मई 2023 को भारत के नए संसद भवन का उद्घाटन किया।"
"113","When did India's 'Chandrayaan-3' land on the surface of the Moon?","भारत का 'चन्द्रयान-3' चन्द्रमा की सतह पर कब उतरा ?","10 August, 2023","10 अगस्त, 2023","15 August, 2023","15 अगस्त, 2023","23 August, 2023","23 अगस्त, 2023","More than one of the above","उपर्युक्त में से एक से अधिक","None of the above","उपर्युक्त में से कोई नहीं","3","The Vikram lander successfully landed on the lunar south pole region on 23 August 2023.","चंद्रयान-3 का विक्रम लैंडर 23 अगस्त 2023 को चंद्रमा के दक्षिणी ध्रुव पर सफलतापूर्वक उतरा।"
"114","Article 1 of the Constitution of India describes the country as:","भारत के संविधान का अनुच्छेद 1 देश को बनाता है:","A Republic","एक गणराज्य","A Union","एक संप (संघ)","An Independent Nation","एक स्वतंत्र राष्ट्र","More than one of the above","उपर्युक्त में से एक से अधिक","None of the above","उपर्युक्त में से कोई नहीं","2","Article 1(1) states: 'India, that is Bharat, shall be a Union of States.'","अनुच्छेद 1(1) में कहा गया है: 'भारत, अर्थात् इंडिया, राज्यों का संघ (Union of States) होगा।'"
"115","Who laid the foundation of the capital Delhi during British rule?","ब्रिटिश शासन के दौरान, दिल्ली राजधानी की नींव किसने रखी?","Queen Elizabeth","महारानी एलिजावेध","King George V","किंग जॉर्ज पंचम","Queen Victoria","महारानी विक्टोरिया","More than one of the above","उपर्युक्त में से एक से अधिक","None of the above","उपर्युक्त में से कोई नहीं","2","King George V laid the foundation stone for the new capital in Delhi during the Delhi Durbar in December 1911.","दिसंबर 1911 में दिल्ली दरबार के दौरान, किंग जॉर्ज पंचम ने राजधानी कलकत्ता से दिल्ली स्थानांतरित करने की घोषणा की और नींव रखी।"
"116","According to official sources, how many Indians lost their lives due to COVID-19 till mid-2023?","सरकारी सूत्रों के अनुसार, कोविड-19 के कारण मिड-2023 तक कितने भारतीयों ने जान गंवाई?","Approx 15 Lakh","लगभग 15 लाख","Approx 5 Lakh","लगभग 5 लाख","Approx 2 Lakh","लगभग 2 लाख","More than one of the above","उपर्युक्त में से एक से अधिक","None of the above","उपर्युक्त में से कोई नहीं","2","As per official data up to mid-2023, the reported death toll in India was approximately 5.3 lakh.","आधिकारिक आंकड़ों के अनुसार, मध्य-2023 तक भारत में कोविड-19 से लगभग 5.3 लाख लोगों की मृत्यु दर्ज की गई थी।"
"117","The motto of G-20 in India is:","भारत में G-20 का ध्येय वाक्य है:","Satyameva Jayate","सत्यमेव जयते","Ek Bharat Shreshtha Bharat","एक भारत श्रेष्ठ भारत","Vasudhaiva Kutumbakam","वसुधैव कुटुम्बकम्","More than one of the above","उपर्युक्त में से एक से अधिक","None of the above","उपर्युक्त में से कोई नहीं","3","The theme for India's G20 Presidency in 2023 was 'Vasudhaiva Kutumbakam'.","भारत की 2023 की G-20 अध्यक्षता का ध्येय वाक्य 'वसुधैव कुटुम्बकम्' था।"
"118","On the reverse side of which Indian currency note is the image of Mangalyaan printed?","भारतीय मुद्रा के किस नोट के पीछे की ओर मंगलयान का चित्र मुद्रित है?","On 50 Rupee note","50 रुपये के नोट पर","On 10 Rupee note","10 रुपये के नोट पर","On 2000 Rupee note","2000 रुपये के नोट पर","More than one of the above","उपर्युक्त में से एक से अधिक","None of the above","उपर्युक्त में से कोई नहीं","3","The ₹2000 currency note features the motif of Mangalyaan on the reverse side.","2000 रुपये के नोट के पीछे मंगलयान (Mangalyaan) का चित्र अंकित है।"
"119","By which machine is the intensity of an earthquake measured?","भूकंप की तीव्रता का मापन किस मशीन द्वारा किया जाता है?","Barometer","बैरोमीटर","Manometer","मैनोमीटर","Seismograph","सिस्मोग्राफ","More than one of the above","उपर्युक्त में से एक से अधिक","None of the above","उपर्युक्त में से कोई नहीं","3","A seismograph is used to record the motion of the ground during an earthquake.","भूकंप के दौरान उत्पन्न होने वाली तरंगों को मापने के लिए सिस्मोग्राफ (Seismograph) नामक यंत्र का उपयोग किया जाता है।"
"120","The percentage of Oxygen in the air is:","बायु में ऑक्सीजन का प्रतिशत है:","0.04%","0-04%","0.93%","0-93%","21%","21%","More than one of the above","उपर्युक्त में से एक से अधिक","None of the above","उपर्युक्त में से कोई नहीं","3","Air is roughly composed of 78% Nitrogen and 21% Oxygen.","पृथ्वी के वायुमंडल में मुख्य रूप से नाइट्रोजन (लगभग 78%) और ऑक्सीजन (लगभग 21%) पाई जाती है।"
"121","In which layer of the atmosphere do airplanes fly?","वायुमण्डल की किस परत में हवाई जहाज उड़ता है?","Troposphere","क्षोभमण्डल","Stratosphere","समतापमण्डल","Mesosphere","मध्यमण्डल","More than one of the above","उपर्युक्त में से एक से अधिक","None of the above","उपर्युक्त में से कोई नहीं","2","Commercial airplanes mostly fly in the lower stratosphere to avoid weather events.","अधिकांश वाणिज्यिक हवाई जहाज़ क्षोभमण्डल के ऊपर समतापमण्डल (Stratosphere) के निचले हिस्से में उड़ते हैं।"
"122","What is a threat to the environment?","पर्यावरण के लिए किससे खतरा है?","Plant growth","पादप वृद्धि","Population growth","जनसंख्या वृद्धि","Crop growth","फसल वृद्धि","More than one of the above","उपर्युक्त में से एक से अधिक","None of the above","उपर्युक्त में से कोई नहीं","2","Rapid population growth leads to over-exploitation of resources, posing a threat to the environment.","अनियंत्रित जनसंख्या वृद्धि (Population growth) से प्राकृतिक संसाधनों का अत्यधिक दोहन होता है, जो पर्यावरण के लिए खतरा है।"
"123","What type of desert is the Sahara?","सहारा किस प्रकार का रेगिस्तान है?","Cold","ठंडा","Hot","गर्म","Mild","मृदु","More than one of the above","उपर्युक्त में से एक से अधिक","None of the above","उपर्युक्त में से कोई नहीं","2","The Sahara is the world's largest hot desert.","'सहारा' विश्व का सबसे बड़ा गर्म रेगिस्तान (Hot Desert) है।"
"124","When was the 'Swachh Bharat Mission' launched?","'स्वच्छ भारत मिशन' कब प्रारम्भ हुआ?","2 August, 2015","2 अगस्त, 2015","2 September, 2016","2 सितंबर, 2016","2 October, 2014","2 अक्तूबर, 2014","More than one of the above","उपर्युक्त में से एक से अधिक","None of the above","उपर्युक्त में से कोई नहीं","3","The Swachh Bharat Mission was launched on 2 October 2014.","'स्वच्छ भारत मिशन' 2 अक्टूबर 2014 (गांधी जयंती) को शुरू किया गया था।"
"125","Which city is situated on the banks of the river Ganga?","गंगा नदी के तट पर स्थित शहर है:","Prayagraj","प्रयागराज","Kolkata","कोलकाता","Bhopal","भोपाल","More than one of the above","उपर्युक्त में से एक से अधिक","None of the above","उपर्युक्त में से कोई नहीं","1","Prayagraj is located at the confluence of the Ganga, Yamuna, and Saraswati rivers.","प्रयागराज गंगा, यमुना और सरस्वती के संगम पर स्थित है।"
"126","A non-conventional source of energy is:","ऊर्जा का गैर-परंपरागत स्रोत है:","Nuclear energy","परमाणु ऊर्जा","Biogas","बायोगैस","Geothermal energy","भूतापीय ऊर्जा","More than one of the above","उपर्युक्त में से एक से अधिक","None of the above","उपर्युक्त में से कोई नहीं","4","Nuclear, Biogas, and Geothermal energy are all considered non-conventional sources.","बायोगैस, भूतापीय ऊर्जा, सौर ऊर्जा - ये सभी ऊर्जा के गैर-परंपरागत स्रोत हैं। अतः एक से अधिक विकल्प सही हैं।"
"127","Population will decrease if:","जनसंख्या घट जाएगी, यदि:","Birth rate and death rate are equal","जन्म-दर एवं मृत्यु दर समान हों","Birth rate is high and death rate is low","जन्म-दर अधिक हो एवं मृत्यु दर कम हो","Birth rate is low and death rate is high","जन्म-दर कम हो एवं मृत्यु दर अधिक हो","More than one of the above","उपर्युक्त में से एक से अधिक","None of the above","उपर्युक्त में से कोई नहीं","3","A population decreases when the number of deaths exceeds live births.","जनसंख्या में गिरावट तब होती है जब जन्म दर कम हो और मृत्यु दर अधिक हो।"
"128","Jaundice can spread due to which of the following types of pollution?","निम्नलिखित में से किस प्रकार के प्रदूषण से पीलिया रोग फैल सकता है?","Air","वायु","Thermal","तापीय","Water","जल","More than one of the above","उपर्युक्त में से एक से अधिक","None of the above","उपर्युक्त में से कोई नहीं","3","Jaundice is a water-borne disease that spreads mainly through contaminated water.","पीलिया एक जल-जनित बीमारी है, जो मुख्य रूप से प्रदूषित जल (Water pollution) पीने से फैलती है।"
"129","Which of the following places in India is a biodiversity hotspot?","निम्नलिखित में से भारत में कौन-सा स्थान जैव-विविधता हॉटस्पॉट है?","Western Ghats","पश्चिमी घाट","Nanda Devi","नंदादेवी","Aravalli","अरावली","More than one of the above","उपर्युक्त में से एक से अधिक","None of the above","उपर्युक्त में से कोई नहीं","1","The Western Ghats is one of the biodiversity hotspots in India.","भारत में 4 जैव-विविधता हॉटस्पॉट हैं, जिनमें से 'पश्चिमी घाट' सबसे प्रमुख है।"
"130","A high level of BOD (Biological Oxygen Demand) indicates that:","बी० ओ० डी० (जैविक ऑक्सीजन की माँग) की उच्च मात्रा इंगित करती है कि:","Water is highly polluted","पानी बहुत प्रदूषित है","Water is less polluted","पानी कम प्रदूषित है","High consumption of organic matter by microbes","पानी में सूक्ष्मजीवों की वजह से कार्बनिक पदार्थों का उपभोग ज्यादा है","More than one of the above","उपर्युक्त में से एक से अधिक","None of the above","उपर्युक्त में से कोई नहीं","4","A high BOD means microbes need more oxygen to decompose waste, meaning water is highly polluted. Both A and C are correct.","उच्च BOD का अर्थ है कि सूक्ष्मजीवों को कचरा अपघटित करने के लिए अधिक ऑक्सीजन चाहिए, जिसका मतलब पानी बहुत अधिक प्रदूषित है। अतः एक से अधिक विकल्प सही हैं।"
"131","What kind of disease is Hepatitis-A?","हेपेटाइटिस-A किस प्रकार की बीमारी है?","Food contamination","भोजन संदूषण","Water-borne disease","जल-उत्पन्न बीमारी","Air-borne disease","वायु-उत्पन्न बीमारी","More than one of the above","उपर्युक्त में से एक से अधिक","None of the above","उपर्युक्त में से कोई नहीं","4","Hepatitis A is primarily transmitted through both contaminated food and water. Both A and B apply.","हेपेटाइटिस-A मुख्य रूप से दूषित पानी (जल-जनित) और दूषित भोजन दोनों के सेवन से फैलता है। अतः विकल्प D सही है।"
"132","Fish in sewage-polluted water die due to:","मल के द्वारा प्रदूषित पानी में मछलियों की मृत्यु होती है:","Pathogens","रोगजनकों के द्वारा","Clogging of gills","गलफड़ों के बंद होने से","Lack of oxygen","ऑक्सीजन की कमी से","More than one of the above","उपर्युक्त में से एक से अधिक","None of the above","उपर्युक्त में से कोई नहीं","3","Sewage pollution causes microbes to use up dissolved oxygen, leaving no oxygen for fish.","मल से प्रदूषित जल में सूक्ष्मजीव पानी की सारी घुली हुई ऑक्सीजन का उपयोग कर लेते हैं, जिससे मछलियाँ मर जाती हैं।"
"133","Which of the following is a pollution-induced disorder?","निम्नलिखित में से कौन-सा प्रदूषण-जनित विकार है?","Fluorosis","फ्लोरोसिस","Leprosy","कुष्ठ रोग","Pneumoconiosis","न्यूमोकोनियोसिस","More than one of the above","उपर्युक्त में से एक से अधिक","None of the above","उपर्युक्त में से कोई नहीं","4","Fluorosis is caused by water pollution. Pneumoconiosis is caused by inhaling dust/coal pollution. Both A and C are correct.","फ्लोरोसिस पानी में फ्लोराइड प्रदूषण से होता है। न्यूमोकोनियोसिस हवा में धूल प्रदूषण से होता है। अतः A और C दोनों सही हैं।"
"134","Coral reefs in India are found in:","भारत में प्रवाल भित्तियाँ पाई जाती हैं:","Himalayan region","हिमालयी क्षेत्र में","Andaman and Nicobar Islands","अंडमान एवं निकोबार द्वीपसमूह में","Uttar Pradesh","उत्तर प्रदेश में","More than one of the above","उपर्युक्त में से एक से अधिक","None of the above","उपर्युक्त में से कोई नहीं","2","Coral reefs are found in Lakshadweep and the Andaman & Nicobar Islands.","भारत में प्रवाल भित्तियाँ मुख्य रूप से लक्षद्वीप और अंडमान एवं निकोबार द्वीपसमूह में पाई जाती हैं।"
"135","Choose the pair in which the words are differently related.","वह युग्म चुनिए, जिसमें शब्द भिन्न-भिन्न प्रकार से सम्बन्धित हों।","Wine : Grapes","शराब : अंगूर","Shoes : Leather","जूते : चमड़ा","Wheat : Crop","गेहूं : फसल","More than one of the above","उपर्युक्त में से एक से अधिक","None of the above","उपर्युक्त में से कोई नहीं","3","Wine is made FROM Grapes. Shoes are made FROM Leather. Wheat IS a type of Crop. Option C is different.","शराब अंगूर से बनती है और जूते चमड़े से। जबकि गेहूँ खुद एक फसल है। अतः विकल्प C अलग है।"
"136","Choose the odd numerical pair/group from the following:","निम्नलिखित में से विषम संख्यात्मक युग्म/समूह चुनिए:","80, 50","80, 50","54, 27","54, 27","32, 13","32, 13","More than one of the above","उपर्युक्त में से एक से अधिक","None of the above","उपर्युक्त में से कोई नहीं","1","54 is exactly 2×27. The others don't follow a direct multiple.","54, 27 में पहली संख्या दूसरी की दोगुनी (27×2 = 54) है। बाकी में ऐसा सीधा संबंध नहीं है।"
"137","Find the wrong number in the given series: ..., 40, 96, 864","दी गई श्रृंखला से गलत संख्या ज्ञात कीजिए: ..., 40, 96, 864","40","40","96","96","864","864","More than one of the above","उपर्युक्त में से एक से अधिक","None of the above","उपर्युक्त में से कोई नहीं","1","40 breaks the geometric progression pattern.","40 का 96 से कोई सीधा गुणक संबंध नहीं है। अतः 40 शृंखला को तोड़ता है।"
"138","In a race, Mohan ran faster than Namit and Om ran faster than Pawan. If Namit and Om were equal, then who was first in the race?","एक दौड़ में मोहन, नमित से तेज दौड़ा और ओम, पवन से तेज दौड़ा। यदि नमित एवं ओम दोनों बराबर थे, तो दौड़ में प्रथम कौन था?","Mohan","मोहन","Namit","नमित","Pawan","पवन","More than one of the above","उपर्युक्त में से एक से अधिक","None of the above","उपर्युक्त में से कोई नहीं","1","Mohan > Namit. Om > Pawan. Since Namit = Om, the sequence is: Mohan > Namit = Om > Pawan. Thus, Mohan is the fastest.","मोहन > नमित। ओम > पवन। दिया गया है: नमित = ओम। इसलिए क्रम होगा: मोहन > नमित = ओम > पवन। अतः मोहन सबसे तेज (प्रथम) दौड़ा।"
"139","Leaving her house, Kamala went 50 meters south, then turned left and walked 60 meters. She again turned right and walked 30 meters. Now, how much distance will she have to walk to reach her house straight?","अपने घर से निकलकर कमला दक्षिण दिशा में 50 मीटर गई, फिर बाएँ मुड़कर 60 मीटर चली। वह पुनः दाएँ मुड़कर 30 मीटर चली। अब उसे अपने घर सीधे पहुँचने के लिए कितने चलना पड़ेगा?","140 meters","140 मीटर","100 meters","100 मीटर","90 meters","90 मीटर","More than one of the above","उपर्युक्त में से एक से अधिक","None of the above","उपर्युक्त में से कोई नहीं","2","South 50m. Left (East) 60m. Right (South) 30m. Total South = 80m. Total East = 60m. Shortest distance = √(80² + 60²) = 100 meters.","कुल दक्षिण दिशा = 50 + 30 = 80 मी। कुल पूर्व दिशा = 60 मी। घर से सीधी (न्यूनतम) दूरी पाइथागोरस प्रमेय से: √(80² + 60²) = 100 मीटर।"
"140","If May 25 in a certain year is Sunday, then what day of the week will be December 25 in the same year?","यदि किसी एक वर्ष में मई 25 को रविवार है, तो उसी वर्ष में दिसम्बर 25 को सप्ताह का कौन-सा दिन होगा?","Wednesday","बुधवार","Thursday","गुरुवार","Friday","शुक्रवार","More than one of the above","उपर्युक्त में से एक से अधिक","None of the above","उपर्युक्त में से कोई नहीं","2","Total days left = 214 days. 214 ÷ 7 = 30 weeks + 4 odd days. Sunday + 4 days = Thursday.","मई से दिसंबर तक कुल 214 दिन बचे। 214 ÷ 7 = 30 सप्ताह + 4 शेष दिन। रविवार + 4 दिन = गुरुवार।"
"141","In a code language, CALICUT is written as 8251896 and DELHI as 73541. How will CALCUTTA be written in that code language?","एक कूट भाषा में, CALICUT को 8251896 एवं DELHI को 73541 लिखा जाता है, तो उसी कूट भाषा में CALCUTTA को कैसे लिखा जाएगा?","82589662","82589662","85436912","85436912","86698528","86698528","More than one of the above","उपर्युक्त में से एक से अधिक","None of the above","उपर्युक्त में से कोई नहीं","1","Direct letter coding: C=8, A=2, L=5, I=1, U=9, T=6. So CALCUTTA = 82589662.","यह डायरेक्ट कोडिंग है। अक्षरों के मान: C=8, A=2, L=5, U=9, T=6. अतः CALCUTTA = 82589662।"
"142","P, Q, R, S, and T sit in a circle in a room. P faces South-West and S faces South-East. Q and T are opposite P and S respectively. R is equidistant between S and Q. Which direction is R facing?","P, Q, R, S एवं T. एक कमरे में एक वृत्त में बैठे हैं। P का मुँह दक्षिण-पश्चिम दिशा की तरफ है तथा S का मुँह दक्षिण-पूर्व दिशा की तरफ है। Q तथा T क्रमशः P एवं S के सामुन हैं। R, S एवं Q के मध्य समान दूरी पर है। R का मुँह किस दिशा में है?","East","पूर्व","South","दक्षिण","West","पश्चिम","More than one of the above","उपर्युक्त में से एक से अधिक","None of the above","उपर्युक्त में से कोई नहीं","1","P faces SW. S faces SE. Q faces NE. T faces NW. R sits exactly between S and Q (West side), facing East.","P का मुँह SW है। S का मुँह SE है। Q का मुँह NE है। R, S और Q के बीच (पश्चिम में) बैठा है, इसलिए R का मुँह पूर्व (East) की ओर होगा।"
"143","In a row of girls, Kavita is 9th from the left and Gauri is 16th from the right. If they interchange their positions, Kavita becomes 25th from the left. How many total girls are there in the row?","लड़कियों की एक पंक्ति में कविता बाईं तरफ से 9वीं है तथा गौरी दाईं तरफ से 16वीं है। यदि वे अपने स्थानों की अदला-बदली कर लें, तो कविता बाईं तरफ से 25वीं हो जाती है। पंक्ति में कुल कितनी लड़कियाँ हैं?","39","39","40","40","41","41","More than one of the above","उपर्युक्त में से एक से अधिक","None of the above","उपर्युक्त में से कोई नहीं","2","New position of Kavita is 25th from left (Gauri's old seat, 16th from right). Total = (25 + 16) - 1 = 40.","स्थान बदलने के बाद कविता बाएँ से 25वीं हो गई (जहाँ गौरी थी, दाएँ से 16वीं)। कुल लड़कियाँ = (25 + 16) - 1 = 40।"
"144","Which of the following is false?","निम्नलिखित में से कौन-सा असत्य है?","The area of an equilateral triangle is √3a²/4","एक समबाहु त्रिभुज का क्षेत्रफल √3a²/4 है","The area of a triangle is √3a²/2","एक त्रिभुज का क्षेत्रफल root3a²/2 है","The area of a circle is πr²","वृत्त का क्षेत्रफल pi r² है","More than one of the above","उपर्युक्त में से एक से अधिक","None of the above","उपर्युक्त में से कोई नहीं","2","A general triangle's area is 1/2 × base × height, not √3a²/2. Statement B is false.","किसी भी सामान्य त्रिभुज का क्षेत्रफल 1/2 × आधार × ऊँचाई होता है, √3a²/2 नहीं। अतः कथन B असत्य है।"
"145","The area of a circle is twice its circumference. The radius of the circle is:","एक वृत्त का क्षेत्रफल उसकी परिधि का दोगुना है। वृत्त की त्रिज्या है:","1","1","2.5","2.5","4","4","More than one of the above","उपर्युक्त में से एक से अधिक","None of the above","उपर्युक्त में से कोई नहीं","3","Area = πr², Circumference = 2πr. Given: πr² = 2(2πr) ⇒ πr² = 4πr ⇒ r = 4.","वृत्त का क्षेत्रफल = πr², परिधि = 2πr। प्रश्नानुसार: πr² = 4πr ⇒ r = 4।"
"146","How many 4-digit numbers can be formed using the digits 0, 1, 2, 3, 4 without repetition?","अंक 0, 1, 2, 3, 4 के बिना दोहराव के प्रयोग से 4 अंकों की कितनी संख्याएँ बनाई जा सकती हैं?","120","120","54","54","45","45","More than one of the above","उपर्युक्त में से एक से अधिक","None of the above","उपर्युक्त में से कोई नहीं","5","A 4-digit number cannot start with 0. 1st digit: 4 choices. Remaining 3 digits: 4 × 3 × 2 choices. Total = 96. Not in options.","4 अंकों की संख्या 0 से शुरू नहीं हो सकती। पहला अंक: 4 विकल्प। बाकी 3 अंक: 4 × 3 × 2 विकल्प। कुल संख्याएँ = 96। 96 विकल्पों में नहीं है।"
"147","Find the missing numbers in the figures given below: 64, 36, ?, 25, 16, 12, 17, ?","नीचे दी गई आकृतियों में से लुप्त संख्याएँ ज्ञात कीजिए: 64, 36, ?, 25, 16, 12, 17, ?","8, 9","8, 9","81, 9","81, 9","16, 81","16, 81","More than one of the above","उपर्युक्त में से एक से अधिक","None of the above","उपर्युक्त में से कोई नहीं","2","Based on the standard reasoning matrix logic involving perfect squares, the missing terms are 81 and 9.","यह पूर्ण वर्गों (Perfect squares) का पैटर्न है। लुप्त संख्याएँ 81 और 9 होंगी।"
"148","In a code language, MILTON is written as LMRJGK and MOUSE is written as CQSMK. How will TAKEN be written in that language?","एक कूट भाषा में, MILTON को LMRJGK और MOUSE को CQSMK लिखा जाता है, तो उसी भाषा में TAKEN को कैसे लिखा जाएगा?","RYICL","RYICL","LCIYR","LCIYR","LCIRY","LCIRY","More than one of the above","उपर्युक्त में से एक से अधिक","None of the above","उपर्युक्त में से कोई नहीं","2","Reverse the word and subtract 2 from each letter. TAKEN -> NEKAT -> LCIYR.","शब्द को पलटें और हर अक्षर में से 2 घटाएँ। TAKEN -> NEKAT -> LCIYR।"
"149","Find the missing letter in the given series following the same pattern: C, L, D, _, H, V","समान पैटर्न का अनुसरण करते हुए दी गई श्रृंखला में लुप्त अक्षर ज्ञात कीजिए: C, L, D, _, H, V","P","P","N","N","Z","Z","More than one of the above","उपर्युक्त में से एक से अधिक","None of the above","उपर्युक्त में से कोई नहीं","1","Alternating series. Series 2: L(+4)=P, P(+6)=V. So the missing letter is P.","यह एकांतर (Alternating) शृंखला है। दूसरी सीरीज: L (+4) P (+6) V. अतः लुप्त अक्षर P होगा।"
"150","Successive discounts of 20%, 30%, and 40% are given on the cost price of an article of ₹900. The price of the article after discount is:","एक वस्तु के क्रय मूल्य ₹900 पर 20%, 30% और 40% क्रमिक छूट मिलती है। छूट के बाद वस्तु की कीमत है:","810","810","302.4","302-4","300","300","More than one of the above","उपर्युक्त में से एक से अधिक","None of the above","उपर्युक्त में से कोई नहीं","2","Final Price = 900 × 0.8 × 0.7 × 0.6 = 302.4.","अंतिम मूल्य = 900 × 0.8 × 0.7 × 0.6 = 302.4 रुपये।"
